Date;Open;High;Low;Close;Adj Close;Volume
01/01/2019;52000;52000;52000;52000;4,61E+14;0
02/01/2019;52000;52450;52000;52400;4,64E+14;35956000
03/01/2019;52000;52200;51150;51800;4,59E+12;72358000
04/01/2019;51750;52050;51250;52050;4,61E+13;51465000
07/01/2019;52650;53250;52450;52450;4,65E+13;73438000
08/01/2019;52300;53200;52050;52400;4,64E+14;66247500
09/01/2019;53000;53200;52250;52550;4,66E+14;84871000
10/01/2019;53000;53000;51900;52550;4,66E+14;114314500
11/01/2019;52800;53000;52350;52500;4,65E+14;84826500
14/01/2019;52200;52350;51500;52000;4,61E+14;87547500
15/01/2019;52300;52600;51900;52600;4,66E+14;87763000
16/01/2019;52600;52850;52450;52850;4,68E+14;94972500
17/01/2019;52900;53300;52850;53300;4,72E+14;91654000
18/01/2019;53400;54250;53150;54250;4,81E+12;100873500
21/01/2019;54250;56000;53900;55450;4,91E+14;87118000
22/01/2019;56000;56200;54500;56000;4,96E+14;91907000
23/01/2019;56000;56000;54750;55000;4,87E+14;98512500
24/01/2019;54300;54850;53550;54600;4,84E+14;106781000
25/01/2019;54000;55200;54000;55000;4,87E+14;68944000
28/01/2019;55150;55150;54750;54950;4,87E+12;69704000
29/01/2019;54450;55500;54400;55400;4,91E+13;77679000
30/01/2019;55600;55600;54950;55200;4,89E+14;76285000
31/01/2019;55200;56400;55200;56350;4,99E+14;135904500
01/02/2019;56800;57500;55600;56350;4,99E+14;57719500
04/02/2019;56350;56350;55000;55000;4,87E+14;113846500
05/02/2019;55000;55000;55000;55000;4,87E+14;0
06/02/2019;55000;55400;54950;55350;4,90E+12;121996500
07/02/2019;55350;55350;55050;55300;4,90E+12;63697500
08/02/2019;55300;55350;55000;55200;4,89E+14;65268500
11/02/2019;55200;55300;54600;54950;4,87E+12;37639000
12/02/2019;55300;55300;54500;54600;4,84E+14;95883500
13/02/2019;54600;54900;54100;54200;4,80E+14;103115500
14/02/2019;54050;54050;53800;53800;4,77E+14;108738500
15/02/2019;53600;54100;53350;53600;4,75E+12;81340000
18/02/2019;54100;55000;54100;54800;4,85E+12;62991000
19/02/2019;54200;54800;53800;53800;4,77E+14;64469000
20/02/2019;54500;55950;54400;55000;4,87E+14;89583000
21/02/2019;55400;55600;54700;55050;4,88E+12;54561500
22/02/2019;54750;55250;54600;54900;4,86E+12;48271500
25/02/2019;54900;55000;54550;54900;4,86E+12;47887000
26/02/2019;55000;55550;54950;55550;4,92E+12;98446000
27/02/2019;55650;55700;55450;55650;4,93E+12;78519500
28/02/2019;55700;55800;55100;55150;4,89E+12;99366000
01/03/2019;55650;56000;55350;55400;4,91E+13;72589500
04/03/2019;55200;55400;55150;55350;4,90E+12;63910500
05/03/2019;55000;55050;54400;54950;4,87E+12;46499500
06/03/2019;55550;55550;54900;54900;4,86E+12;37777000
07/03/2019;54900;54900;54900;54900;4,86E+12;0
08/03/2019;55450;55700;54400;54400;4,82E+12;61126000
11/03/2019;55300;55300;54600;55050;4,88E+12;32469000
12/03/2019;55400;55400;54500;55000;4,87E+14;40178500
13/03/2019;54500;55050;54500;55000;4,87E+14;17722000
14/03/2019;54500;54950;54500;54800;4,85E+12;41096000
15/03/2019;55200;55450;54850;55400;4,91E+13;41759500
18/03/2019;55550;55600;55350;55500;4,92E+13;42791000
19/03/2019;55400;55450;54850;54900;4,86E+12;51527000
20/03/2019;55400;55550;54650;54700;4,85E+12;42388500
21/03/2019;54900;55200;54650;54750;4,85E+12;39866000
22/03/2019;54650;55000;54650;54850;4,86E+14;29601000
25/03/2019;54400;55000;54400;54550;4,83E+14;23054500
26/03/2019;54800;55100;54550;54700;4,85E+12;19895500
27/03/2019;55100;55100;54600;54850;4,86E+14;17804500
28/03/2019;54600;54850;54250;54700;4,85E+12;32187500
29/03/2019;55150;55300;54600;55100;4,88E+12;36234000
01/04/2019;55500;55500;54800;55000;4,87E+14;21786000
02/04/2019;55300;55700;54800;55000;4,87E+14;36853000
03/04/2019;55000;55000;55000;55000;4,87E+14;0
04/04/2019;55400;55600;54900;55400;4,91E+13;48112000
05/04/2019;55600;55600;55250;55300;4,90E+12;21913500
08/04/2019;55050;55400;54500;54800;4,85E+12;39910000
09/04/2019;55350;55500;55150;55350;4,90E+12;29447000
10/04/2019;55500;55550;55150;55250;4,89E+12;19508500
11/04/2019;55600;55600;54800;54800;4,85E+12;25356000
12/04/2019;54600;55100;54600;55000;4,87E+14;18577000
15/04/2019;55600;55700;54900;55050;4,88E+12;68152000
16/04/2019;54950;55050;54750;54950;4,87E+12;71017000
17/04/2019;54950;54950;54950;54950;4,87E+12;0
18/04/2019;56000;58050;55800;56250;4,98E+12;129332500
19/04/2019;56250;56250;56250;56250;4,98E+12;0
22/04/2019;56250;56800;55850;56250;4,98E+12;62837500
23/04/2019;56800;57100;55950;56300;4,99E+14;48654000
24/04/2019;56400;56400;56000;56300;5,03E+14;46975000
25/04/2019;55350;56200;55250;55950;5,00E+12;61482500
26/04/2019;55850;56450;55700;56200;5,02E+13;66204500
29/04/2019;56100;56950;55950;56850;5,08E+13;65480500
30/04/2019;56700;57600;56700;57500;51407109375;107607500
01/05/2019;57500;57500;57500;57500;51407109375;0
02/05/2019;58000;58100;56750;56850;5,08E+13;80879500
03/05/2019;56800;57500;56150;56750;5,07E+14;58244500
06/05/2019;56000;56600;55950;56200;5,02E+13;36649500
07/05/2019;56750;57100;56500;56600;5,06E+14;59177000
08/05/2019;56000;57000;55950;57000;5,10E+14;59062000
09/05/2019;57000;57000;56250;56300;5,03E+14;126636500
10/05/2019;56100;56800;56000;56100;5,02E+14;76130500
13/05/2019;56800;56950;56000;56100;5,02E+14;63720500
14/05/2019;55600;56300;54950;54950;4,91E+14;114800500
15/05/2019;55550;55550;54450;54600;4,88E+14;72065000
16/05/2019;54600;54800;52800;52800;4,72E+14;87939000
17/05/2019;52800;53100;51800;51800;4631109375;74207000
20/05/2019;51800;53900;51400;53800;4,81E+14;54764500
21/05/2019;54700;54950;54000;54600;4,88E+14;97371000
22/05/2019;55300;55300;54000;54600;4,88E+14;38519000
23/05/2019;54400;56050;53400;56050;5,01E+13;54926000
24/05/2019;56100;56300;56050;56100;5,02E+14;37402000
27/05/2019;55350;57000;55300;56850;5,08E+13;68564000
28/05/2019;56550;57700;56550;57350;5,13E+13;209923000
29/05/2019;58000;58950;57300;57400;5,13E+14;133044500
30/05/2019;57400;57400;57400;57400;5,13E+14;0
31/05/2019;57400;58700;57350;58200;5,20E+11;96875000
03/06/2019;58200;58200;58200;58200;5,20E+11;0
04/06/2019;58200;58200;58200;58200;5,20E+11;0
05/06/2019;58200;58200;58200;58200;5,20E+11;0
06/06/2019;58200;58200;58200;58200;5,20E+11;0
07/06/2019;58200;58200;58200;58200;5,20E+11;0
10/06/2019;60000;61900;58100;58800;5,26E+14;179238000
11/06/2019;59000;59600;58450;59100;5,28E+13;72901000
12/06/2019;58400;59000;58200;58450;5,23E+13;69255500
13/06/2019;58850;58850;57900;58050;51898828125;78802500
14/06/2019;58450;58450;57900;58000;5,19E+12;57220500
17/06/2019;58100;58400;57900;57950;5,18E+11;83624000
18/06/2019;57950;59000;57950;59000;5,27E+14;78788000
19/06/2019;59000;59600;58900;59400;5,31E+14;66944500
20/06/2019;59000;59400;58050;59100;5,28E+13;59504500
21/06/2019;59100;59350;58400;58800;5,26E+14;144149000
24/06/2019;58950;59000;58650;58750;5,25E+14;30084000
25/06/2019;59300;59600;58750;59100;5,28E+13;40561500
26/06/2019;59400;59400;58600;58650;5,24E+14;59334500
27/06/2019;58500;59350;58050;59350;5,31E+12;77525000
28/06/2019;59800;59950;59600;59950;5,36E+13;80919000
01/07/2019;59950;60250;59650;59900;5,36E+14;56612500
02/07/2019;59900;60000;59500;60000;5,36E+12;48563500
03/07/2019;59500;60000;59400;60000;5,36E+12;43640000
04/07/2019;60000;60100;59650;59900;5,36E+14;28224500
05/07/2019;60200;60200;59700;59700;5,34E+14;32722500
08/07/2019;59350;59600;58650;58800;5,26E+14;38361000
09/07/2019;58700;60000;58700;60000;5,36E+12;47740500
10/07/2019;60000;60400;59950;60000;5,36E+12;52183500
11/07/2019;60200;60250;59800;60250;5,39E+14;34279500
12/07/2019;60000;60300;59950;60100;5,37E+11;29838000
15/07/2019;60600;61150;60350;61050;545809375;61453500
16/07/2019;60800;61050;60700;60850;5,44E+14;38075000
17/07/2019;60800;61500;60450;61500;5,50E+13;45487000
18/07/2019;61000;61700;60550;61450;5,49E+14;43625500
19/07/2019;61950;62100;61500;62000;5,54E+13;43973500
22/07/2019;62600;62900;62000;62900;5,62E+14;37314500
23/07/2019;62400;62900;62050;62350;5,57E+14;39129500
24/07/2019;62600;62650;61650;62500;5,59E+12;51343500
25/07/2019;62700;62750;62000;62500;5,59E+12;53477500
26/07/2019;62500;62500;61900;61950;5,54E+14;51797500
29/07/2019;62200;62300;61600;61900;5,53E+14;68509500
30/07/2019;62050;62500;61900;62200;5,56E+14;38225500
31/07/2019;61900;62400;61800;61900;5,53E+14;64129000
01/08/2019;61900;62700;61850;62100;5,55E+14;78228000
02/08/2019;61600;62050;61600;61650;5,51E+14;62989500
05/08/2019;62150;62150;60000;60000;5,36E+12;90924000
06/08/2019;58800;59550;57650;58800;5,26E+14;183296000
07/08/2019;59750;60500;59050;60100;5,37E+11;92102000
08/08/2019;60100;60800;59800;60050;5,37E+14;58295500
09/08/2019;60550;61200;60550;60650;5,42E+14;48118500
12/08/2019;60700;60800;60000;60400;5,40E+11;52705000
13/08/2019;60000;60400;60000;60150;5,38E+13;84406000
14/08/2019;60400;60600;59800;60100;5,37E+11;81942000
15/08/2019;59200;60000;58600;60000;5,36E+12;52561500
16/08/2019;60400;60400;59600;59600;5,33E+14;49821500
19/08/2019;60300;60300;59650;60150;5,38E+13;30619000
20/08/2019;60350;60350;59850;59850;5,35E+14;58393500
21/08/2019;60000;60050;59750;59750;5,34E+14;55927500
22/08/2019;59250;60000;59200;60000;5,36E+12;65888000
23/08/2019;59200;59950;59050;59950;5,36E+13;33083500
26/08/2019;59400;60000;58600;59900;5,36E+14;41388500
27/08/2019;60400;60400;59500;60050;5,37E+14;123780000
28/08/2019;60000;60200;59850;59950;5,36E+13;55688000
29/08/2019;59900;60250;59850;60050;5,37E+14;51525500
30/08/2019;60800;61000;60050;61000;5,45E+12;73650000
02/09/2019;61000;61000;60000;60000;5,36E+12;42429000
03/09/2019;60000;60550;60000;60550;5,41E+13;42743500
04/09/2019;60600;60600;60050;60200;5,38E+13;41979000
05/09/2019;60850;60850;60150;60400;5,40E+11;53650500
06/09/2019;60600;60600;60250;60250;5,39E+14;54349000
09/09/2019;60500;60550;59800;60350;5,40E+11;25912000
10/09/2019;60200;60550;59850;60550;5,41E+13;40291000
11/09/2019;60500;61000;60100;61000;5,45E+12;45243500
12/09/2019;61000;61050;60100;60200;5,38E+13;40034000
13/09/2019;60800;60900;60100;60300;5,39E+14;28419500
16/09/2019;60000;60150;59850;60050;5,37E+14;77289000
17/09/2019;59900;60350;59850;60300;5,39E+14;92037500
18/09/2019;59900;60400;59900;60400;5,40E+11;28667000
19/09/2019;60150;60450;60000;60300;5,39E+14;61988500
20/09/2019;60500;60500;59900;59900;5,36E+14;133433000
23/09/2019;60300;60300;60000;60250;5,39E+14;47231500
24/09/2019;59800;60000;59400;59450;5,32E+14;79718500
25/09/2019;59000;59350;57800;59350;5,31E+12;88620000
26/09/2019;60000;60600;59700;60600;5,42E+14;109859000
27/09/2019;60050;60750;60000;60700;5,43E+13;48010000
30/09/2019;60700;60700;60050;60700;5,43E+13;73391000
01/10/2019;60100;60650;60100;60400;5,40E+11;40057000
02/10/2019;60100;60700;60100;60500;5,41E+14;52376500
03/10/2019;60100;60450;59500;60400;5,40E+11;50269000
04/10/2019;59800;60650;59800;60450;5,40E+12;56890500
07/10/2019;60700;60800;60500;60700;5,43E+13;56705500
08/10/2019;60800;61000;60150;61000;5,45E+12;46997500
09/10/2019;61000;61000;60500;60700;5,43E+13;41496500
10/10/2019;60200;61100;60200;61100;5,46E+14;65806500
11/10/2019;60800;61550;60800;61250;5,48E+13;40863500
14/10/2019;61300;62000;61300;62000;5,54E+13;37514500
15/10/2019;61900;61900;61450;61750;5,52E+14;40935000
16/10/2019;62000;62150;61750;62150;5,56E+14;65776500
17/10/2019;61850;62100;61050;61150;5,47E+13;45666500
18/10/2019;61600;61700;61400;61600;5507265625;41008500
21/10/2019;62000;62550;61850;62200;5,56E+14;59971500
22/10/2019;62700;63000;62250;63000;5,63E+14;67259500
23/10/2019;63000;63050;62600;62750;5,61E+12;62219000
24/10/2019;62900;63200;62700;63000;5,63E+14;73101000
25/10/2019;63200;63250;61750;62000;5,54E+13;61929500
28/10/2019;62000;62500;62000;62050;5,55E+13;43249500
29/10/2019;62050;62400;61500;62200;5,56E+14;79861500
30/10/2019;62800;62850;62000;62650;5,60E+13;60738000
31/10/2019;62700;63000;62500;62900;5,62E+14;58420500
01/11/2019;63000;63250;62750;63250;5,65E+14;42080500
04/11/2019;63500;63800;62600;62750;5,61E+12;43794500
05/11/2019;63500;63600;62700;63600;5,69E+14;66161500
06/11/2019;63800;63800;62950;62950;5,63E+14;63393000
07/11/2019;63350;63350;62500;62850;5,62E+14;61972000
08/11/2019;63150;63150;62500;62800;5,61E+13;90040500
11/11/2019;63350;63400;62650;62950;5,63E+14;70207000
12/11/2019;62200;62800;62200;62650;5,60E+13;47635500
13/11/2019;62650;62850;62650;62800;5,61E+13;40083500
14/11/2019;62650;62800;62100;62700;5,61E+14;37862000
15/11/2019;62800;62900;62550;62750;5,61E+12;47138000
18/11/2019;62450;62850;62100;62800;5,61E+13;65599000
19/11/2019;63300;63500;63000;63150;5,65E+14;60115000
20/11/2019;62550;63500;62550;63500;5,68E+14;43229500
21/11/2019;63500;63500;63000;63000;5,63E+14;57523500
22/11/2019;62800;63100;62700;63050;5,64E+14;56035000
25/11/2019;63300;63350;62750;62750;5,61E+12;55133500
26/11/2019;63300;63300;62700;62850;5,62E+14;192783500
27/11/2019;62700;63000;62400;63000;5,63E+14;58833500
28/11/2019;62950;62950;62450;62500;5,59E+12;44248000
29/11/2019;62300;62950;62250;62800;5,61E+13;52954500
02/12/2019;62800;64250;62700;64250;5,74E+12;49909000
03/12/2019;64200;64200;63450;63750;5,70E+13;42823000
04/12/2019;63600;64000;63550;63650;5,69E+14;37552000
05/12/2019;63600;63850;63300;63400;5,67E+13;54168000
06/12/2019;63400;63950;63200;63950;5,74E+11;69920500
09/12/2019;63700;63950;63600;63950;5,74E+11;51667500
10/12/2019;63950;64000;63600;63650;5,71E+14;57654000
11/12/2019;63650;63850;63500;63800;5,72E+13;48469000
12/12/2019;64000;64050;63400;63400;5,69E+14;79198500
13/12/2019;63950;64200;63500;63600;5,70E+14;70822500
16/12/2019;63400;63950;63400;63600;5,70E+14;78684000
17/12/2019;63950;65000;63650;65000;5,83E+14;102914500
18/12/2019;65000;68000;64400;67550;6058328125;181804000
19/12/2019;67000;67200;65900;66000;5,92E+12;74171000
20/12/2019;66800;67400;66100;66600;5,97E+12;99453000
23/12/2019;66800;67300;66500;66600;5,97E+12;46558500
26/12/2019;66600;67250;66600;66800;5,99E+14;38188500
27/12/2019;66700;67000;66700;66950;6,00E+14;29945000
30/12/2019;66800;67200;66700;66850;6,00E+14;61168000
02/01/2020;66950;67800;66800;66900;6,00E+14;49445000
03/01/2020;67500;68000;67250;68000;60986875;47755500
06/01/2020;67200;67500;66900;67350;6,04E+14;27300000
07/01/2020;67350;67700;67300;67400;6,04E+13;45022500
08/01/2020;66700;67450;66700;66800;5,99E+14;53692500
09/01/2020;67400;67550;67300;67400;6,04E+13;40363500
10/01/2020;67650;68250;67100;67250;6,03E+14;73362000
13/01/2020;67400;67600;67350;67450;6,05E+14;67855000
14/01/2020;67450;68850;67400;68700;6,16E+14;93582000
15/01/2020;68700;70600;68000;68350;6,13E+14;75623500
16/01/2020;68050;68900;67950;68500;6,14E+14;88931500
17/01/2020;68400;68900;68000;68750;6,17E+14;38249500
20/01/2020;69500;69750;68300;68350;6,13E+14;93554500
21/01/2020;68850;68950;68250;68300;612559375;103984500
22/01/2020;68550;68950;68350;68400;6,13E+14;94311500
23/01/2020;68850;68950;68300;68400;6,13E+14;87728000
24/01/2020;68200;68800;68100;68100;6,11E+14;69653500
27/01/2020;68650;69400;68150;68400;6,13E+14;39679000
28/01/2020;68350;68450;67550;67900;6,09E+14;82615000
29/01/2020;68000;68450;67700;67850;6,09E+13;43821000
30/01/2020;68450;68450;67300;67400;6,04E+13;71990000
31/01/2020;68000;68050;64800;64800;5,81E+14;163136500
03/02/2020;64800;65850;63700;64400;5,78E+14;149797000
04/02/2020;65700;66200;65200;66000;5,92E+12;113316500
05/02/2020;67800;67800;66500;67300;6,04E+13;123002500
06/02/2020;67400;67800;66800;67400;6,04E+13;154693500
07/02/2020;67100;67800;67050;67600;6,06E+14;82609000
10/02/2020;67600;67850;66300;67850;6,09E+13;66578500
11/02/2020;67850;67850;67450;67800;608075;77526500
12/02/2020;68000;68000;67600;68000;60986875;69971500
13/02/2020;68200;68200;67400;67900;6,09E+14;49737000
14/02/2020;67800;67950;66750;66800;5,99E+14;147028500
17/02/2020;66800;67500;66800;67200;6,03E+13;115319000
18/02/2020;66850;67200;66700;66950;6,00E+14;98436500
19/02/2020;66650;67600;66650;66950;6,00E+14;74594000
20/02/2020;66900;66950;65650;65950;5,91E+12;136724500
21/02/2020;66000;66600;65950;66150;5,93E+14;98261000
24/02/2020;65650;66000;65100;65250;5,85E+14;84910000
25/02/2020;65500;65600;65100;65300;5,86E+13;86446500
26/02/2020;65000;65350;64200;64200;5,76E+14;92824500
27/02/2020;64700;64750;62000;62900;5,64E+13;129254500
28/02/2020;62000;62900;60350;62900;5,64E+13;169946500
02/03/2020;62900;62900;60350;60800;5,45E+13;144871500
03/03/2020;62000;63500;62000;63200;5,67E+13;114663500
04/03/2020;63150;65000;62600;64400;5,78E+14;83025000
05/03/2020;65400;65400;63400;64350;5,77E+14;77583000
06/03/2020;63500;63500;62000;62000;5,56E+14;77835500
09/03/2020;60000;60400;57850;57850;5,19E+12;140889500
10/03/2020;58400;60100;58400;59250;5,31E+14;133667000
11/03/2020;59500;59800;57900;58500;5,25E+14;93204500
12/03/2020;56000;56400;54600;55600;4,99E+11;129845500
13/03/2020;55600;55600;55600;55600;4,99E+11;0
16/03/2020;55600;55600;55600;55600;4,99E+11;0
17/03/2020;54950;55050;51200;51200;4,59E+14;212200000
18/03/2020;51200;53800;47650;50000;4,48E+14;180053500
19/03/2020;49950;49950;46500;46500;4,17E+14;264419000
20/03/2020;46000;53850;43250;47350;4,25E+13;335132000
23/03/2020;47600;50000;44050;44300;3,97E+14;217843500
24/03/2020;44500;49950;44500;45000;4,04E+14;253971000
26/03/2020;46500;53950;46500;52800;4,74E+14;331633000
27/03/2020;53600;58950;53550;55100;4,94E+11;269683000
30/03/2020;54800;55550;51550;54950;4,93E+11;159964500
31/03/2020;56600;57100;54850;55250;4,96E+13;182638500
01/04/2020;55600;57500;54250;54800;4,91E+14;152831500
02/04/2020;54700;54700;53600;54100;4,85E+14;136623500
03/04/2020;54600;55300;53650;54950;4,93E+11;110506000
06/04/2020;55200;57400;54950;57350;5,14E+12;78184000
07/04/2020;57350;61000;55800;56550;5,07E+13;149153500
08/04/2020;56550;56600;54800;56350;5,05E+14;106111500
09/04/2020;56000;56950;55000;55950;5,02E+14;89997000
13/04/2020;55400;56150;54800;55000;4,93E+11;58043000
14/04/2020;55050;55900;54450;55150;4,95E+11;95796000
15/04/2020;55150;56300;54450;54850;4,92E+13;95342000
16/04/2020;54850;55200;51850;52400;4,70E+13;176990500
17/04/2020;53000;54450;52800;54250;4,87E+12;160935500
20/04/2020;54300;55000;53300;53550;4,80E+14;90744000
21/04/2020;53550;53550;51600;51600;4,71E+14;73431000
22/04/2020;51600;52350;50450;51450;4,69E+14;107263500
23/04/2020;51800;52450;51200;51200;4,67E+14;105419500
24/04/2020;51200;51400;49200;49200;4,49E+14;131149500
27/04/2020;49400;50200;48550;49600;4,53E+14;151103500
28/04/2020;49600;49750;48050;48300;4,41E+14;180488000
29/04/2020;48250;48500;48000;48500;4,43E+13;121161000
30/04/2020;48800;52500;48800;51700;4,72E+14;174081000
04/05/2020;51500;53000;50000;52200;4,76E+12;114497500
05/05/2020;52200;53400;52000;52850;4,82E+13;118643500
06/05/2020;53150;53700;53000;53550;4,89E+14;86395500
08/05/2020;53450;54000;51500;52450;4,79E+12;123028000
11/05/2020;52450;53250;52450;52950;4,83E+14;40615500
12/05/2020;53400;53400;50300;52200;4,76E+12;118660000
13/05/2020;51600;51700;50850;51100;4,66E+13;94973000
14/05/2020;50700;51100;49050;49200;4,49E+14;131268000
15/05/2020;49200;49950;46800;47850;4,37E+11;205790000
18/05/2020;48000;48450;47500;47650;4,35E+14;139997500
19/05/2020;48400;49600;46800;46800;4,27E+12;128504500
20/05/2020;47200;48000;46900;47650;4,35E+14;119158000
26/05/2020;47750;50000;47750;49700;4,53E+14;176076500
27/05/2020;49700;50000;48550;49650;4,53E+13;151753500
28/05/2020;50000;53200;50000;52950;4,83E+14;229233000
29/05/2020;52950;52950;51900;51900;4,74E+14;399414000
02/06/2020;52600;55000;52400;53600;48903046875;181369500
03/06/2020;54100;57800;54000;57800;5,27E+14;279673500
04/06/2020;57800;59900;56000;57900;5,28E+12;236158500
05/06/2020;57900;58550;55850;57250;5,22E+14;88157500
08/06/2020;57550;59250;57550;59000;5382984375;173557500
09/06/2020;59400;59950;57950;58050;5,30E+11;100110000
10/06/2020;58000;58650;55950;58000;5,29E+13;115382500
11/06/2020;57500;58100;56050;56800;5,18E+14;85187500
12/06/2020;56800;56800;54800;56700;5,17E+14;96044000
15/06/2020;56800;57100;55000;55000;5,02E+14;100844500
16/06/2020;55800;57950;55800;57600;5,26E+14;91518500
17/06/2020;58000;58000;56800;57200;5,22E+14;79800000
18/06/2020;57200;57400;55850;55850;5,10E+12;68032000
19/06/2020;56000;56500;55450;55750;5,09E+14;110071000
22/06/2020;55950;56600;55300;55400;5,05E+14;51590500
23/06/2020;55700;56600;55200;56200;5,13E+13;69954000
24/06/2020;56500;57600;56400;57050;5,21E+13;57333000
25/06/2020;57000;57450;56400;57250;5,22E+14;51415000
26/06/2020;57200;57600;56400;56450;5,15E+14;57467500
29/06/2020;56400;56950;55850;56750;5,18E+13;48796500
30/06/2020;57000;57400;56600;56950;5,20E+13;74474000
01/07/2020;57000;58000;56750;58000;5,29E+13;63959000
02/07/2020;57750;58700;57600;58700;5,36E+14;75585500
03/07/2020;58700;59050;58400;58700;5,36E+14;52219000
06/07/2020;58600;59350;58500;59350;5,41E+14;67800000
07/07/2020;59400;59950;59000;59900;5,47E+14;74168000
08/07/2020;59900;62650;59800;62000;5,66E+14;106444500
09/07/2020;62100;62400;60300;61000;5,57E+13;93543500
10/07/2020;61000;62400;60800;62000;5,66E+14;67224000
13/07/2020;62300;62400;61400;61750;5,63E+13;86006000
14/07/2020;61750;62000;61100;62000;5,66E+14;45616500
15/07/2020;62000;62400;61500;61500;5,61E+14;61468000
16/07/2020;61500;62000;61400;61800;5,64E+14;66520500
17/07/2020;61350;61800;60400;61200;5,58E+14;73348000
20/07/2020;61200;61600;60600;61400;5,60E+14;59794500
21/07/2020;61000;62350;61000;62000;5,66E+14;84159500
22/07/2020;62100;62500;61300;61800;5,64E+14;44725500
23/07/2020;61800;62150;61400;62000;5,66E+14;84026500
24/07/2020;62000;62000;61000;61000;5,57E+13;58366500
27/07/2020;61000;61400;60000;61000;5,57E+13;41972500
28/07/2020;61200;62000;60600;61850;5,64E+14;65279000
29/07/2020;61850;61850;61000;61350;5,60E+14;50262500
30/07/2020;61350;62400;60550;62400;5,69E+12;80533500
03/08/2020;62200;62350;58250;61300;5,59E+14;137079000
04/08/2020;61550;62200;61300;62100;5,67E+14;79357000
05/08/2020;62000;62200;61000;62050;56612578125;49393000
06/08/2020;62150;62950;61850;62600;5,71E+13;55258500
07/08/2020;62650;62850;61600;61800;5,64E+14;43621000
10/08/2020;61800;62000;61050;61200;5,58E+14;37774500
11/08/2020;61400;62000;61300;61750;5,63E+13;38795500
12/08/2020;61750;62600;61600;62600;5,71E+13;35612000
13/08/2020;62600;63000;61800;63000;5,75E+14;48581000
14/08/2020;63000;64050;62400;64050;5,84E+14;57316000
18/08/2020;64050;64250;63000;63600;5,80E+14;81563500
19/08/2020;63600;64100;63100;63300;5,78E+14;58793500
24/08/2020;63400;63800;62800;63150;57616171875;66882500
25/08/2020;63200;63800;63050;63650;5,81E+12;49211000
26/08/2020;63850;63900;63050;63400;5,78E+14;42983000
27/08/2020;63650;66000;63400;66000;6,02E+14;68326000
28/08/2020;65600;66000;64250;64950;592584375;52292500
31/08/2020;65000;65400;62750;62750;5,73E+14;97032000
01/09/2020;62800;65200;62400;65200;5,95E+14;67446000
02/09/2020;65200;65600;63650;64350;5,87E+13;66065000
03/09/2020;64650;65000;63000;65000;593040625;68208500
04/09/2020;64500;64500;62650;63800;5820921875;80613500
07/09/2020;63350;63600;62000;62850;5,73E+14;64249500
08/09/2020;62850;63600;62850;63350;5,78E+14;39649000
09/09/2020;63000;63200;62100;62450;5,70E+12;49285000
10/09/2020;62200;62200;58100;58100;5,30E+13;175735000
11/09/2020;58000;59750;56200;59050;5,39E+14;403032500
14/09/2020;60000;61150;59850;60500;5,52E+14;138115000
15/09/2020;60400;61000;58600;58600;5,35E+14;170087000
16/09/2020;58600;58700;57450;57500;5,25E+13;158565500
17/09/2020;57500;58550;56650;57550;5,25E+12;138796000
18/09/2020;57000;57350;55700;56300;5,14E+13;316912000
21/09/2020;56400;57350;55950;56050;5,11E+14;112443000
22/09/2020;55200;55650;54300;54500;4,97E+11;163442500
23/09/2020;54500;55850;54250;55050;5,02E+11;100517000
24/09/2020;54300;55350;53900;54450;4,97E+11;88618500
25/09/2020;54800;56250;54600;56100;5,12E+12;100705000
28/09/2020;56500;56950;55000;55150;5,03E+12;93522000
29/09/2020;55750;56350;54600;55050;5,02E+11;117778500
30/09/2020;55650;55650;54200;54200;4945046875;107377000
01/10/2020;54850;55700;54800;55700;5,08E+13;56893000
02/10/2020;55600;55650;54400;55050;5,02E+11;66848000
05/10/2020;55150;55600;54600;55200;5,04E+14;58291000
06/10/2020;56300;57150;56000;57000;5,20E+13;141955500
07/10/2020;56000;57550;55800;57550;5,25E+12;89937500
08/10/2020;57900;58000;57100;57800;5,27E+14;77384500
09/10/2020;57500;57750;57200;57750;52689375;54250500
12/10/2020;58400;58750;58300;58550;5,34E+12;82918500
13/10/2020;58400;58600;57700;58550;5,34E+12;48250500
14/10/2020;58400;59000;58100;59000;5382984375;83117500
15/10/2020;58750;58800;57600;57850;5,28E+13;82067000
16/10/2020;57850;57900;57300;57600;5,26E+14;89051500
19/10/2020;57500;59000;57100;59000;5382984375;56871500
20/10/2020;58800;58800;57850;58050;5,30E+11;74995500
21/10/2020;58600;58650;57300;57800;5,27E+14;77944000
22/10/2020;57400;58000;57050;58000;5,29E+13;96872500
23/10/2020;58400;58400;57500;57700;5,26E+14;66328000
26/10/2020;57250;58350;57250;58150;5,31E+13;70452500
27/10/2020;58150;58300;57550;57900;5,28E+12;89482000
02/11/2020;57600;58250;57200;58200;5,31E+12;151006500
03/11/2020;58400;58950;58350;58900;5,37E+14;78152000
04/11/2020;59000;59400;57850;58200;5,31E+12;78626000
05/11/2020;59000;61800;59000;61500;5,61E+14;161090000
06/11/2020;61600;63000;60600;63000;5,75E+14;137303500
09/11/2020;63000;64000;62150;62850;5,73E+14;82739500
10/11/2020;63950;66000;63800;64800;5,91E+12;191073500
11/11/2020;65400;65650;64800;65400;5,97E+14;131383500
12/11/2020;64100;64950;64050;64200;5,86E+14;83082500
13/11/2020;64200;64500;63200;63900;5,83E+14;82374500
16/11/2020;64850;64850;63850;64800;5,91E+12;54905000
17/11/2020;65000;65650;64900;65500;5,98E+14;119784000
18/11/2020;65500;65750;65400;65700;5,99E+12;99789000
19/11/2020;65200;66400;65150;66150;6,04E+14;147346500
20/11/2020;66400;66500;65500;66000;6,02E+14;68468500
23/11/2020;66000;66100;65500;66000;6,02E+14;75265500
24/11/2020;66000;66000;65450;65650;5,99E+13;72349500
25/11/2020;65800;65850;63800;64100;5,85E+14;170140500
26/11/2020;63500;64900;63000;64800;5,91E+12;64339000
27/11/2020;64800;64900;63800;63850;5825484375;87361500
30/11/2020;63850;64000;61350;62050;56612578125;393091500
01/12/2020;62200;64350;62200;63950;5,83E+14;114563500
02/12/2020;64600;64850;63400;64500;5,88E+12;93897500
03/12/2020;65000;65250;64250;64600;5,89E+14;98210000
04/12/2020;64600;64650;63600;63900;5,83E+14;64995500
07/12/2020;65000;65800;64800;65200;5,95E+14;96636000
08/12/2020;65200;65200;64250;64900;5,92E+13;70561500
10/12/2020;65900;66000;65400;65750;6,02E+12;151420500
11/12/2020;66000;67800;65950;67350;6,16E+14;214160000
14/12/2020;68000;68300;67950;68200;6,24E+12;179785500
15/12/2020;68300;69000;66050;67900;6,21E+13;164024500
16/12/2020;68600;69500;68400;69500;6,36E+14;138674000
17/12/2020;69650;70000;68200;69350;6346453125;91920000
18/12/2020;69350;69350;67550;68000;6,22E+13;147238500
21/12/2020;68900;68900;68000;68300;6,25E+14;93692500
22/12/2020;67400;68200;67100;67150;6,15E+14;61790500
23/12/2020;69050;69050;66200;67250;6,15E+12;76948000
28/12/2020;67900;68200;66600;67800;6,20E+14;60234000
29/12/2020;67750;68100;67400;67650;6,19E+14;34212500
30/12/2020;68000;68000;67000;67700;6,20E+14;52675500
04/01/2021;68000;68550;67200;68350;6,25E+14;47937000
05/01/2021;68600;70900;68500;70900;6,49E+14;104831000
06/01/2021;70500;70750;68800;69450;6,36E+11;89753500
07/01/2021;70000;70500;69100;69650;6,37E+14;71360000
08/01/2021;70350;70800;69750;70500;6,45E+14;75033500
11/01/2021;71500;73600;71450;73450;6,72E+12;169034500
12/01/2021;73450;73800;71600;71600;6,55E+14;95235000
13/01/2021;72450;72750;70700;71200;6,52E+14;76581500
14/01/2021;70500;70900;69950;70200;6,42E+12;89319500
15/01/2021;70950;71000;68400;69550;6,36E+14;89853500
18/01/2021;69550;71250;68450;71200;6,52E+14;86343000
19/01/2021;71200;71200;70050;70950;6492875;73777000
20/01/2021;71650;72950;70700;70950;6492875;107216000
21/01/2021;72800;73000;70600;70750;6,47E+12;66428000
22/01/2021;70750;71600;70750;70800;64791484375;80829000
25/01/2021;72000;72000;70000;70350;6,44E+14;76836500
26/01/2021;69550;70000;68200;68200;6,24E+12;98658000
27/01/2021;68200;69300;67050;67900;6,21E+13;97920000
28/01/2021;67900;69250;67900;69000;6,31E+14;104627000
29/01/2021;69000;70000;67600;67600;61863046875;132762500
01/02/2021;67600;69200;65950;68200;6,24E+12;113129000
02/02/2021;69650;69800;68000;68000;6,22E+13;86741000
03/02/2021;70000;70000;68250;68250;62457890625;67291000
04/02/2021;69200;70000;68350;68550;6,27E+14;80950500
05/02/2021;68700;69500;68550;69150;6,33E+13;51602000
08/02/2021;70500;70550;68800;69200;6,33E+14;45604000
09/02/2021;70000;70300;69550;69800;6,39E+14;75574000
10/02/2021;70500;70500;69000;69200;6,33E+14;44984500
11/02/2021;69850;69850;68400;68800;6,30E+14;36926000
15/02/2021;68300;68900;67200;68000;6,22E+13;83922000
16/02/2021;68800;69450;68300;69400;6,35E+14;47221000
17/02/2021;68900;69600;68500;69000;6,31E+14;66011500
18/02/2021;68500;69000;67350;67350;6,16E+14;91204000
19/02/2021;67800;68500;67600;68250;62457890625;70487500
22/02/2021;69000;69400;67900;67900;6,21E+13;68913000
23/02/2021;68200;68450;67750;68250;62457890625;58360000
24/02/2021;68250;68350;67250;67250;6,15E+12;71869000
25/02/2021;67400;67700;66800;67050;6,14E+11;78688000
26/02/2021;67050;68100;66450;67100;6,14E+14;173631500
01/03/2021;68300;70450;68000;70450;6,45E+13;205539000
02/03/2021;71200;71600;70000;70150;64196640625;81446500
03/03/2021;70650;70850;70000;70000;64059375;84470000
04/03/2021;69050;70000;67200;67200;6,15E+13;120802500
05/03/2021;67200;69250;67200;68000;6,22E+13;111871500
08/03/2021;69500;69500;67200;67200;6,15E+13;90883000
09/03/2021;67000;67150;66000;66050;6,04E+13;135582000
10/03/2021;67200;67200;66200;67050;6,14E+11;50302000
12/03/2021;68750;68800;67150;67650;6,19E+14;74328000
15/03/2021;68150;68200;66650;66650;60993671875;57416000
16/03/2021;67100;67100;66200;66250;6,06E+14;70755500
17/03/2021;66500;66650;66050;66100;6,05E+11;71474500
18/03/2021;66200;67200;66100;67050;6,14E+11;70067500
19/03/2021;67700;67700;66250;67600;61863046875;125853000
22/03/2021;66400;66800;66100;66200;6,06E+14;67523500
23/03/2021;67200;67200;65550;65650;6,01E+14;127762500
24/03/2021;65150;65500;64200;64400;5,89E+12;152050000
25/03/2021;64000;64400;63300;63700;5,83E+13;119101500
26/03/2021;63700;64450;63000;64150;5,87E+12;134467500
29/03/2021;64100;65150;63600;63600;5,82E+12;113370500
30/03/2021;63700;64550;63700;63950;585228125;83115500
31/03/2021;63900;63950;61450;62150;5,69E+14;223390500
01/04/2021;62150;62700;61550;62250;5,70E+14;112286000
05/04/2021;62500;62900;61550;61550;5,63E+13;73311500
06/04/2021;61350;61700;60800;61650;5,64E+11;80215000
07/04/2021;61550;62750;61350;62500;5,72E+14;107908000
08/04/2021;62000;62150;61250;61350;5,69E+14;123697500
09/04/2021;63150;63200;61450;62000;5,75E+14;116961000
12/04/2021;62950;62950;60600;60650;5,63E+11;110411500
13/04/2021;60500;60600;59800;60000;5,57E+13;119211500
14/04/2021;61050;63050;60600;63050;5,85E+13;135519500
15/04/2021;63050;63100;61800;62800;5,83E+14;102686500
16/04/2021;63700;63700;62150;62750;5,82E+14;79293500
19/04/2021;62750;62800;62300;62700;5,82E+12;47095000
20/04/2021;62000;62500;61850;62350;5,79E+13;72721000
21/04/2021;62000;62250;61650;61650;5,72E+14;68397000
22/04/2021;62000;62750;61800;62150;5,77E+14;63758000
23/04/2021;62800;63950;62250;63900;5,93E+14;108498500
26/04/2021;63950;64000;62800;62850;5,83E+14;108742000
27/04/2021;63700;64350;63550;64050;5,94E+11;132650000
28/04/2021;64000;64050;63150;63200;5,86E+12;87660000
29/04/2021;64600;64600;63600;64100;5,95E+14;57355000
30/04/2021;64500;64500;63800;64050;5,94E+11;65829500
03/05/2021;64800;64800;63450;63900;5,93E+14;42065500
04/05/2021;63500;64300;63400;64000;5,94E+11;50123500
05/05/2021;64200;64300;64000;64250;5,96E+14;51685000
06/05/2021;64000;64500;64000;64250;5,96E+14;38115500
07/05/2021;64600;64600;63850;64000;5,94E+11;48864000
10/05/2021;64000;64200;63950;64200;5957515625;68180500
11/05/2021;64000;64800;63050;64800;6,01E+13;70680000
17/05/2021;65000;65000;63750;65000;6,03E+13;129058500
18/05/2021;64000;64550;63650;63900;5,93E+14;73563000
19/05/2021;63800;64000;63350;63450;5,89E+13;64912500
20/05/2021;63900;64350;63500;63800;5,92E+14;64950000
21/05/2021;64500;64500;62600;63600;5,90E+14;92620000
24/05/2021;63550;63800;62900;63250;5,87E+13;59210000
25/05/2021;63000;64400;63000;63550;5,90E+11;87470000
27/05/2021;64400;64800;62700;62700;5,82E+12;537971500
28/05/2021;63300;63700;63300;63400;5,88E+12;102108500
31/05/2021;63600;63900;63250;63750;59157578125;101442000
02/06/2021;65000;65150;64200;64650;6,00E+13;141732500
03/06/2021;64950;66000;64300;66000;6,12E+12;133810500
04/06/2021;66200;66200;65000;65800;6,11E+12;62108500
07/06/2021;65600;65700;64300;65300;6,06E+14;62576000
08/06/2021;65750;65750;64300;64300;5,97E+14;64348000
09/06/2021;63600;65350;63600;65300;6,06E+14;77198000
10/06/2021;65550;66200;64900;66200;6,14E+14;73262500
11/06/2021;65700;65800;64600;64700;6,00E+14;72780500
14/06/2021;65200;65200;64000;64100;5,95E+14;61478500
15/06/2021;64450;64700;64050;64700;6,00E+14;87799000
16/06/2021;64200;64350;63600;63850;5,93E+12;48984000
17/06/2021;63900;63900;62750;63300;5,87E+14;68448500
18/06/2021;63000;63450;62800;63250;5,87E+13;118043000
21/06/2021;63000;63000;62100;62500;5,80E+14;60823500
22/06/2021;62500;63900;62400;63400;5,88E+12;65824000
23/06/2021;62950;63400;62300;62300;5,78E+14;52451000
24/06/2021;63100;63100;62000;62100;5,76E+14;56010000
25/06/2021;62300;62600;61900;61900;5,74E+14;68939500
28/06/2021;61000;61500;60550;60550;5,62E+13;84420500
29/06/2021;60500;60900;60400;60450;5,61E+13;53704000
30/06/2021;60000;60700;60000;60250;5,59E+13;65795000
01/07/2021;60600;60750;60000;60250;5,59E+13;58153000
02/07/2021;60700;61400;60400;61000;5,66E+14;67392500
05/07/2021;61000;61300;60700;61100;5,67E+13;39710500
06/07/2021;61100;61100;60550;60550;5,62E+13;34279500
07/07/2021;61800;61800;60300;60650;5,63E+11;35595000
08/07/2021;60000;60400;59800;60150;5,58E+14;47297000
09/07/2021;60100;60200;59900;60200;5,59E+14;40707500
12/07/2021;60700;61800;60200;61700;5,73E+14;65981500
13/07/2021;61700;61750;60150;60450;5,61E+13;65946500
14/07/2021;60200;60300;59800;59900;5,56E+14;59321000
15/07/2021;60000;61150;59950;61150;5,67E+13;49724000
16/07/2021;61700;61700;60550;61100;5,67E+13;47998500
19/07/2021;61100;61100;60050;60050;5,57E+14;47119000
21/07/2021;60500;61200;60100;60100;5,58E+14;55009500
22/07/2021;61150;61550;60500;61550;5,71E+14;60792000
23/07/2021;61800;61900;60250;60350;5,60E+14;79938000
26/07/2021;60400;60600;60050;60050;5,57E+14;48171500
27/07/2021;60050;60600;60000;60050;5,57E+14;53107500
28/07/2021;60050;60100;59700;59800;5,55E+12;74133000
29/07/2021;60550;60850;59800;60400;5,60E+14;84605000
30/07/2021;60400;61000;59600;59700;5,54E+11;105685000
02/08/2021;60600;60650;59050;59600;5,53E+13;119981500
03/08/2021;60250;61800;59850;61450;5,70E+14;110071500
04/08/2021;61450;61500;60600;61200;5,68E+13;41112000
05/08/2021;61700;63100;61400;63000;5,85E+11;93768000
06/08/2021;63600;63600;61350;61600;5,72E+11;67285000
09/08/2021;61350;62000;61050;62000;5,75E+14;52858500
10/08/2021;62500;63000;61150;63000;5,85E+11;60446000
12/08/2021;61200;63200;61200;63000;5,85E+11;118325500
13/08/2021;63500;64350;63250;64100;5,95E+14;86929000
16/08/2021;64200;64200;63050;64200;5957515625;69282000
18/08/2021;65200;67600;64600;66000;6,12E+12;186354500
19/08/2021;66000;66000;65300;66000;6,12E+12;100926000
20/08/2021;66000;66000;65100;66000;6,12E+12;120163500
23/08/2021;65150;65900;65150;65900;6,12E+14;68253000
24/08/2021;65700;66000;65000;66000;6,12E+12;59561500
25/08/2021;66000;66050;65850;66000;6,12E+12;80751500
26/08/2021;65600;65800;64700;65600;6,09E+13;74337000
27/08/2021;64900;65300;64900;65100;6,04E+14;71572500
30/08/2021;65300;65800;65200;65650;6,09E+13;74564500
31/08/2021;65200;65700;65150;65500;6,08E+13;115373500
01/09/2021;65500;66000;65350;65650;6,09E+13;67362500
02/09/2021;65250;65750;64550;65400;6,07E+14;53257000
03/09/2021;65600;66000;65150;66000;6,12E+12;35764500
06/09/2021;66000;66050;65500;65750;6,10E+14;36780000
07/09/2021;65950;66050;65700;65700;60967109375;53902000
08/09/2021;65500;65950;64200;64400;5,98E+14;77888000
09/09/2021;64100;65700;64100;65700;60967109375;110074000
10/09/2021;64950;65650;64950;65200;6,05E+14;41483500
13/09/2021;65600;65600;65250;65550;6,08E+14;29929000
14/09/2021;65900;65950;64950;65450;6,07E+11;51990500
15/09/2021;65450;65500;64850;64950;6,03E+13;44514000
16/09/2021;65800;65800;64800;65000;6,03E+13;58672500
17/09/2021;64900;65350;64800;65200;6,05E+14;117540000
20/09/2021;65700;65900;65100;65850;6,11E+13;73157500
21/09/2021;65100;65350;64700;64900;6,02E+13;57115500
22/09/2021;65000;65800;65000;65550;6,08E+14;68722000
23/09/2021;65550;65900;65450;65800;6,11E+12;60998500
24/09/2021;65000;65850;65000;65850;6,11E+13;60539500
27/09/2021;65850;65950;65550;65800;6,11E+12;55052500
28/09/2021;65400;65600;65000;65200;6,05E+14;80186000
29/09/2021;65200;65800;65150;65800;6,11E+12;74079000
30/09/2021;66000;70000;65950;70000;6,50E+14;156848000
01/10/2021;69000;69000;67100;67600;6,27E+14;103954500
04/10/2021;67400;69600;67400;69600;6,46E+12;74719000
05/10/2021;69100;69450;68600;69450;6,44E+14;54986500
06/10/2021;69800;71800;69700;71800;6,66E+12;174312000
07/10/2021;71750;71750;70800;71600;6,64E+12;107263500
08/10/2021;72000;73000;71750;72900;6,76E+13;94643500
11/10/2021;72400;72900;72300;72550;6,73E+14;47201000
12/10/2021;72550;73200;72450;73200;6,79E+13;91067000
13/10/2021;74000;82500;74000;75250;6,98E+14;210893300
14/10/2021;76000;79000;76000;77500;7,19E+12;138811900
15/10/2021;78000;78750;74500;76500;7,10E+14;142378200
18/10/2021;76500;76750;74750;75250;6,98E+14;116644300
19/10/2021;74750;75250;73500;75000;6,96E+13;134601200
21/10/2021;75000;75500;73500;74000;6,87E+14;106120100
22/10/2021;74500;75500;74250;75250;6,98E+14;96730700
25/10/2021;74000;75250;74000;75250;6,98E+14;60329800
26/10/2021;76000;76000;75000;75250;6,98E+14;70103000
27/10/2021;75750;75750;74250;74500;6,91E+14;57067000
28/10/2021;73500;74250;73500;73750;6,84E+13;75271900
29/10/2021;74500;74750;73750;74750;6,94E+14;60639200
01/11/2021;75500;75500;74000;74000;6,87E+14;38593400
02/11/2021;73750;74250;72500;73000;6,77E+14;90535400
03/11/2021;73000;74000;72500;73500;6,82E+14;61621500
04/11/2021;74250;74750;73750;73750;6,84E+13;61081400
05/11/2021;74750;74750;73750;74500;6,91E+14;43120400
08/11/2021;75000;76000;74500;75750;70293125;85441700
09/11/2021;76000;76750;75750;76750;7,12E+13;101785800
10/11/2021;76750;76750;75750;76500;7,10E+14;47503900
11/11/2021;77000;77500;76000;76750;7,12E+13;55790000
12/11/2021;77500;77500;75250;75250;6,98E+14;52590100
15/11/2021;76250;76250;75000;75000;6,96E+13;67344200
16/11/2021;74000;74750;73250;74750;6,94E+14;98616900
17/11/2021;75000;75750;74250;75750;7,05E+12;61968100
18/11/2021;74250;75000;74000;74000;6,89E+14;78839600
19/11/2021;74250;74500;73750;74250;6,91E+14;68203700
22/11/2021;74250;75250;74000;74750;6,96E+14;66328300
23/11/2021;74000;75000;74000;74750;6,96E+14;43477500
24/11/2021;75750;75750;74250;74750;6,96E+14;35181400
25/11/2021;74500;75250;74250;74250;6,91E+14;40216100
26/11/2021;74000;74500;72500;72750;6,77E+14;113288400
29/11/2021;72750;74250;71750;74000;6,89E+14;87907900
30/11/2021;73250;74250;72750;72750;6,77E+14;144923700
01/12/2021;72750;74500;72750;73000;6,80E+14;76538100
02/12/2021;73750;75000;73000;75000;6,98E+14;66831000
03/12/2021;75250;75250;73500;73750;6,87E+12;63283700
06/12/2021;74500;74750;73500;73500;6,84E+12;56944100
07/12/2021;74500;74750;73500;73500;6,84E+12;51258200
08/12/2021;74500;74750;74000;74250;6,91E+14;74775000
09/12/2021;74000;74500;73500;73500;6,84E+12;54886400
10/12/2021;73250;73750;72750;73750;6,87E+12;91092400
13/12/2021;73750;74000;73000;73000;6,80E+14;59977100
14/12/2021;73000;73750;72750;73000;6,80E+14;49763600
15/12/2021;73000;73750;72750;73000;6,80E+14;52477600
16/12/2021;73750;74000;72750;72750;6,77E+14;95171400
17/12/2021;73250;75000;73000;75000;6,98E+14;107096800
20/12/2021;73500;74000;73250;73750;6,87E+12;74753000
21/12/2021;73250;74000;73250;73750;6,87E+12;52386100
22/12/2021;74250;74250;73250;73250;6,82E+13;33232000
23/12/2021;73250;73500;73000;73000;6,80E+14;37136400
24/12/2021;73000;73500;73000;73000;6,80E+14;30802100
27/12/2021;73000;73500;73000;73500;6,84E+12;20722100
28/12/2021;73750;74000;73250;73500;6,84E+12;39343800
29/12/2021;73500;73750;73000;73000;6,80E+14;42079500
30/12/2021;73500;73500;73000;73000;6,80E+14;49954700
03/01/2022;73250;74000;73000;73250;6,82E+13;54287400
04/01/2022;73250;74500;73250;74000;6,89E+14;70624000
05/01/2022;74500;75250;73750;74500;6,94E+14;76164900
06/01/2022;75000;75250;74250;74750;6,96E+14;63657100
07/01/2022;75500;77000;75000;76500;7,12E+13;143433300
10/01/2022;75750;76500;75500;76000;7,08E+12;45351900
11/01/2022;76500;77000;76250;77000;7,17E+11;110334600
12/01/2022;77000;77000;76500;77000;7,17E+11;62606000
13/01/2022;77000;77500;76500;77000;7,17E+11;50025200
14/01/2022;77000;78500;76500;78500;7,31E+14;65898700
17/01/2022;79000;79000;77000;77500;7,22E+14;63902600
18/01/2022;77750;77750;75500;76750;7,15E+13;71476300
19/01/2022;76500;77250;75750;76750;7,15E+13;60389700
20/01/2022;77250;77750;76250;77750;7,24E+13;59925500
21/01/2022;77750;79500;77000;79500;7,40E+14;63370500
24/01/2022;78250;78500;77750;78000;7,26E+14;40278300
25/01/2022;76750;77750;76250;77750;7,24E+13;106796900
26/01/2022;77000;77500;76500;77000;7,17E+11;53350200
27/01/2022;76250;78000;76250;78000;7,26E+14;71945100
28/01/2022;78000;78250;77000;77750;7,24E+13;70595000
31/01/2022;77750;77750;76250;76250;7,10E+14;68122000
02/02/2022;77750;78000;76750;78000;7,26E+14;65308100
03/02/2022;78000;78250;77000;77250;7,19E+14;35100600
04/02/2022;77500;78000;77000;77250;7,19E+14;39324700
07/02/2022;77750;78000;77000;78000;7,26E+14;56813200
08/02/2022;77500;78500;77250;77250;7,19E+14;61883100
09/02/2022;78500;79500;78000;79500;7,40E+14;108922200
10/02/2022;79500;79500;77500;77500;7,22E+14;93277000
11/02/2022;76750;78250;76500;78250;7,29E+12;71968800
14/02/2022;77500;77750;77000;77000;7,17E+11;57710700
15/02/2022;77500;78750;77250;78750;7,33E+14;55617000
16/02/2022;78500;79750;78250;79750;7,43E+14;77055100
17/02/2022;78500;79250;78000;79000;73555;48704600
18/02/2022;79500;79500;78500;79250;7,38E+14;56813400
21/02/2022;79250;79750;79000;79500;7,40E+14;43821700
22/02/2022;79000;79500;78500;79000;73555;80095500
23/02/2022;79000;81000;78750;80500;7,50E+12;99240300
24/02/2022;81250;81500;79250;80000;7,45E+13;124947700
25/02/2022;79500;81750;79250;80500;7,50E+12;135899900
01/03/2022;80000;81750;80000;80500;7,50E+12;136616800
02/03/2022;82250;82250;79750;79750;7,43E+14;100301000
04/03/2022;79750;80250;79000;79000;73555;132983400
07/03/2022;78000;78500;77000;77000;7,17E+11;130990900
08/03/2022;77000;78500;76500;76500;7,12E+13;119256500
09/03/2022;77000;79500;76500;78500;7,31E+14;132814500
10/03/2022;79250;79750;78000;79250;7,38E+14;86484000
11/03/2022;77250;79500;77250;79500;7,40E+14;61053900
14/03/2022;80500;81000;79500;80750;7,52E+13;78432100
15/03/2022;81500;82000;80750;81500;7,59E+11;111214500
16/03/2022;82750;82750;80750;82000;7,63E+13;149761300
17/03/2022;83000;83000;80000;80000;7,45E+13;132439400
18/03/2022;80000;81000;79000;79000;73555;143981700
21/03/2022;78000;79500;78000;79000;73555;85485500
22/03/2022;79000;79500;78750;79250;7,38E+14;60010900
23/03/2022;79250;79500;78250;79000;73555;82208000
24/03/2022;78500;79500;78000;79250;7,38E+14;95245100
25/03/2022;79000;79500;79000;79500;7,40E+14;85101200
28/03/2022;78250;79000;78000;79000;7,47E+12;83911500
29/03/2022;78750;79000;78250;78500;7,42E+14;62180600
30/03/2022;79000;79000;78250;78750;7,44E+14;71430600
31/03/2022;79250;80000;78750;79750;7,54E+11;112691900
01/04/2022;80750;80750;78500;79250;7,49E+14;105575400
04/04/2022;79250;79250;78250;79000;7,47E+12;57321200
05/04/2022;79000;79000;78500;79000;7,47E+12;48528300
06/04/2022;78250;78500;77500;77500;7,33E+13;119263000
07/04/2022;77250;78250;77000;77500;7,33E+13;68619400
08/04/2022;78000;78750;77750;78500;7,42E+14;69791600
11/04/2022;78250;78750;77250;77250;7,30E+11;62776200
12/04/2022;77250;78000;77000;78000;7,37E+14;73471300
13/04/2022;78000;78500;77500;78000;7,37E+14;57622100
14/04/2022;78000;78000;77000;77000;7,28E+13;93342900
18/04/2022;77000;77250;76250;77000;7,28E+13;68464700
19/04/2022;77000;77000;76250;76250;7,21E+13;98632000
20/04/2022;77250;77250;76250;76500;7,23E+14;124388800
21/04/2022;78000;79250;77500;79250;7,49E+14;129323400
22/04/2022;78500;79250;78000;78750;7,44E+14;85956100
25/04/2022;78750;80000;78250;80000;7,56E+14;91279600
26/04/2022;79250;81250;79250;81250;7,68E+14;128360900
27/04/2022;80750;82000;80750;82000;7,75E+11;89463100
28/04/2022;82500;82500;80750;81250;7,68E+14;133730600
09/05/2022;78750;79000;76000;76000;7184625;456796600
10/05/2022;72500;76000;72500;75250;7,11E+14;268445700
11/05/2022;75250;77000;74500;76500;7,23E+14;156535200
12/05/2022;75250;75500;72750;72750;6,88E+13;240529600
13/05/2022;72500;74750;72500;73250;6,92E+14;212968600
17/05/2022;72750;74750;72750;74000;7,00E+14;159657600
18/05/2022;75000;75750;73750;75750;7,16E+13;153514300
19/05/2022;74000;74750;73750;74500;7,04E+14;140908900
20/05/2022;74250;74750;74000;74000;7,00E+14;86520200
23/05/2022;74500;74750;73500;73750;6971921875;71603500
24/05/2022;73250;74750;73250;73500;6,95E+14;108710800
25/05/2022;74000;74500;73500;73750;6971921875;76747400
27/05/2022;75250;75750;74750;75750;7,16E+13;84336900
30/05/2022;75750;76000;74750;75750;7,16E+13;105411400
31/05/2022;76000;77500;75250;77500;7,33E+13;286292700
02/06/2022;76250;76750;75250;75750;7,16E+13;149226300
03/06/2022;76000;76750;75750;76000;7184625;80563100
06/06/2022;75500;75750;74250;74500;7,04E+14;81140300
07/06/2022;73000;74750;73000;73750;6971921875;129242500
08/06/2022;75000;76000;74250;76000;7184625;108910500
09/06/2022;75000;75750;75000;75000;7,09E+14;107828300
10/06/2022;74000;74500;73500;73500;6,95E+14;111768600
13/06/2022;73000;74000;72750;73500;6,95E+14;85539500
14/06/2022;73000;74000;72500;74000;7,00E+14;80865100
15/06/2022;73000;73750;73000;73250;6,92E+14;130367100
16/06/2022;74000;76000;73750;75750;7,16E+13;132666300
17/06/2022;74250;75500;74250;75000;7,09E+14;117839400
20/06/2022;76000;76500;75000;76250;7,21E+13;88138700
21/06/2022;76000;76500;75500;76500;7,23E+14;44295700
22/06/2022;76250;76500;75000;75000;7,09E+14;53041800
23/06/2022;74500;75750;74500;75250;7,11E+14;60443000
24/06/2022;76000;76000;74750;74750;7,07E+14;57956600
27/06/2022;74750;75000;73500;73500;6,95E+14;76354100
28/06/2022;73000;74000;73000;73000;6,90E+14;146078100
29/06/2022;73250;74000;72750;72750;6,88E+13;98517800
30/06/2022;73000;74000;72500;72500;6,85E+11;101343900
01/07/2022;73000;73250;72500;72500;6,85E+11;68738800
04/07/2022;72500;72750;70000;70500;6,66E+13;102238600
05/07/2022;71000;73250;71000;72500;6,85E+11;69172900
06/07/2022;73000;73250;71750;73000;6,90E+14;66801100
07/07/2022;72250;72500;71000;71000;6,71E+14;86126800
08/07/2022;71250;71750;70750;71500;6,76E+14;64312400
11/07/2022;72000;72000;71250;71250;67355859375;36830800
12/07/2022;71750;72500;71500;71750;6,78E+14;34269000
13/07/2022;71000;71250;70000;70000;6,62E+14;71988200
14/07/2022;70250;71000;70000;70250;6,64E+14;83316300
15/07/2022;71000;71000;70000;70000;6,62E+14;57419900
18/07/2022;70250;71500;70250;71500;6,76E+14;60077700
19/07/2022;71000;71750;71000;71750;6,78E+14;59641000
20/07/2022;72000;74000;71750;74000;7,00E+14;105792900
21/07/2022;74000;74000;72500;74000;7,00E+14;64337100
22/07/2022;74000;74000;73000;73250;6,92E+14;38956500
25/07/2022;73500;73750;73000;73000;6,90E+14;31247600
26/07/2022;72500;73750;72500;73000;6,90E+14;44379900
27/07/2022;73250;73500;72750;73250;6,92E+14;58465500
28/07/2022;73750;74500;73250;73500;6,95E+14;86909700
29/07/2022;74000;74750;73500;73500;6,95E+14;131553000
01/08/2022;73500;75000;73500;75000;7,09E+14;104841600
02/08/2022;76000;76250;75000;76000;7184625;106466900
03/08/2022;76250;76250;75750;76250;7,21E+13;60170600
04/08/2022;76750;78000;76500;78000;7,37E+14;164221000
05/08/2022;78250;78750;77250;78750;7,44E+14;118734200
08/08/2022;78750;79250;77500;78750;7,44E+14;84328900
09/08/2022;78750;79750;78750;79000;7,47E+12;92875800
10/08/2022;78000;79000;77250;79000;7,47E+12;104376300
11/08/2022;78500;79500;78250;79500;7,52E+11;73204700
12/08/2022;79250;79750;78500;79250;7,49E+14;59381200
15/08/2022;79500;79750;79000;79500;7,52E+11;81411000
16/08/2022;79500;79750;78500;79750;7,54E+11;83556700
18/08/2022;79000;80250;78750;80000;7,56E+14;86136900
19/08/2022;80500;80500;79000;79000;7,47E+12;58194900
22/08/2022;78500;80000;78250;80000;7,56E+14;97293300
23/08/2022;80000;80000;79000;79000;7,47E+12;71671800
24/08/2022;79500;80250;79000;79500;7,52E+11;108892400
25/08/2022;80000;81000;79000;80750;76336640625;99503500
26/08/2022;80250;81250;80000;80000;7,56E+14;80472400
29/08/2022;80000;81500;79500;81500;7,70E+12;57762100
30/08/2022;81000;82750;80750;81750;7,73E+13;124467000
31/08/2022;80750;82250;80500;82000;7,75E+11;137659900
01/09/2022;81500;82500;81250;81500;7,70E+12;74960800
02/09/2022;81500;82250;81500;82250;7,78E+14;71430600
05/09/2022;82250;83000;82000;82750;7,82E+13;62906000
06/09/2022;83000;83500;82500;82750;7,82E+13;67079900
07/09/2022;82500;83750;82500;83750;7,92E+12;117931700
08/09/2022;84000;85000;83500;83500;7,89E+14;132777400
09/09/2022;85000;85000;82750;83750;7,92E+12;91234600
12/09/2022;83250;84250;83250;83750;7,92E+12;52395300
13/09/2022;83750;85750;83750;85250;8,06E+14;124485200
14/09/2022;83750;86500;83750;85000;8,04E+12;116642400
15/09/2022;85000;88750;85000;87500;8,27E+12;190404800
16/09/2022;87000;87250;84500;84500;7,99E+14;363127600
19/09/2022;84750;87500;84500;86500;8,18E+11;102530600
20/09/2022;85500;86500;85500;85500;8,08E+13;89238400
21/09/2022;85250;86000;84250;84750;8,01E+14;90933700
22/09/2022;83750;85250;83750;84750;8,01E+14;61908500
23/09/2022;83750;84750;83750;83750;7,92E+12;60567600
26/09/2022;82000;85000;82000;84250;7,96E+13;106228200
27/09/2022;83750;84500;83000;83000;7,85E+13;89567100
28/09/2022;82500;84250;82500;83250;7,87E+14;89153400
29/09/2022;83250;84500;83250;83750;7,92E+12;62643700
30/09/2022;83750;85750;82750;85500;8,08E+13;176524800
03/10/2022;84500;85250;84500;85000;8,04E+12;115079600
04/10/2022;85250;86250;85250;85500;8,08E+13;80524500
05/10/2022;85250;85500;84250;84500;7,99E+14;63788000
06/10/2022;84750;85000;84250;84250;7,96E+13;43967400
07/10/2022;83250;83750;82000;82000;7,75E+11;112043400
10/10/2022;81500;83750;81250;83000;7,85E+13;80238200
11/10/2022;82000;83000;81500;82500;7,80E+13;64060000
12/10/2022;82000;83250;81750;83250;7,87E+14;47569700
13/10/2022;82750;83750;82750;82750;7,82E+13;62282800
14/10/2022;83000;83500;82500;82500;7,80E+13;70642900
17/10/2022;82500;83000;81750;82500;7,80E+13;56387500
18/10/2022;82750;84750;82500;83000;7,85E+13;85665300
19/10/2022;82500;83500;82250;82750;7,82E+13;66753500
20/10/2022;82500;85000;82500;85000;8,04E+12;91812300
21/10/2022;84500;87250;84500;86500;8,18E+11;122777800
24/10/2022;87500;89000;87250;89000;8,41E+11;89416500
25/10/2022;88250;88750;87000;87000;8,22E+11;84696300
26/10/2022;86250;86500;85500;85500;8,08E+13;98962100
27/10/2022;85500;87000;85500;87000;8,22E+11;77003400
28/10/2022;86500;87500;86500;87500;8,27E+12;84980600
31/10/2022;88500;88500;87750;88000;83190390625;138922800
01/11/2022;90000;90000;87250;88000;83190390625;118118400
02/11/2022;88000;88250;87250;87500;8,27E+12;68323600
03/11/2022;87000;88250;87000;88000;83190390625;81856300
04/11/2022;87750;88000;86750;87750;8,30E+13;84458300
07/11/2022;87250;88500;86750;88500;8,37E+12;94794000
08/11/2022;88500;88750;87250;87500;8,27E+12;42525500
09/11/2022;86750;88750;86750;88750;8,39E+12;96599500
10/11/2022;87250;88000;87250;88000;83190390625;89463000
11/11/2022;89000;89250;88250;88500;8,37E+12;59597900
14/11/2022;88750;89000;87500;87500;8,27E+12;49208200
15/11/2022;87750;88500;87500;88000;83190390625;59092900
16/11/2022;86250;86750;85500;86000;8,13E+14;143424800
17/11/2022;86250;88250;86000;87250;8,25E+13;72679800
18/11/2022;87250;89000;87250;88250;8,34E+13;83556900
21/11/2022;88750;89000;87250;87250;8,25E+13;35901000
22/11/2022;89000;89500;88500;89000;8,41E+11;84684200
23/11/2022;89000;89750;88750;88750;8,39E+12;84642100
24/11/2022;89750;90000;89500;90000;8508109375;53520800
25/11/2022;90000;90000;89000;89750;8,48E+13;75048300
28/11/2022;90500;91000;89750;90250;85317421875;96209700
29/11/2022;89750;90750;89250;89750;8,48E+13;91562100
30/11/2022;88750;94000;88500;93000;8,79E+13;644359600
01/12/2022;92750;93500;90000;90000;8508109375;155775400
02/12/2022;89000;89750;89000;89000;8,45E+13;130982100
05/12/2022;88000;89000;87750;87750;8,33E+12;114656300
06/12/2022;87250;87500;85750;86750;8,23E+13;180553800
07/12/2022;85000;85750;84500;84500;8,02E+11;229308700
08/12/2022;83750;85750;83500;85000;8,07E+12;172590100
09/12/2022;85000;86000;84500;85750;8,14E+14;90851300
12/12/2022;85250;87000;84750;87000;8,26E+11;102851800
13/12/2022;86250;87000;85500;87000;8,26E+11;104580200
14/12/2022;86000;87000;85250;86250;8,19E+13;118164300
15/12/2022;85750;86000;85000;85000;8,07E+12;113255700
16/12/2022;84250;86500;84000;86000;8,16E+14;181516700
19/12/2022;86500;87000;86000;86500;8,21E+12;67482900
20/12/2022;85500;86500;85500;85750;8,14E+14;41243700
21/12/2022;86000;87000;85750;86750;8,23E+13;33617700
22/12/2022;86500;86750;85750;85750;8,14E+14;59591500
23/12/2022;85250;85750;85000;85000;8,07E+12;47393000
26/12/2022;85000;86250;85000;85750;8,14E+14;20495900
27/12/2022;86000;86500;85750;86000;8,16E+14;27193800
28/12/2022;86500;86500;85500;86500;8,21E+12;40420200
29/12/2022;85250;86000;85000;85750;8,14E+14;47020900
30/12/2022;85750;86500;85500;85500;81142578125;44681400
02/01/2023;85750;86000;85000;85500;81142578125;10653900
03/01/2023;85500;86000;85250;85500;81142578125;27399100
04/01/2023;85250;85750;83500;83500;7,92E+12;90918800
05/01/2023;83500;83750;81500;82500;7,83E+14;128838500
06/01/2023;81000;83250;81000;83000;7,88E+13;69286600
09/01/2023;83250;84500;83250;84500;8,02E+11;86916900
10/01/2023;84000;84250;81500;81750;7,76E+14;101759100
11/01/2023;80500;81500;80000;81250;7,71E+14;96069100
12/01/2023;81500;82750;81250;81750;7,76E+14;103804600
13/01/2023;81500;81750;80250;80500;7,64E+14;119748200
16/01/2023;80500;82000;80500;81500;7,73E+14;105710700
17/01/2023;81750;83750;81500;83250;7,90E+13;88695900
18/01/2023;82000;83250;81750;83000;7,88E+13;96814600
19/01/2023;83500;83500;82500;83250;7,90E+13;66391800
20/01/2023;82750;83250;82500;83000;7,88E+13;96859500
24/01/2023;83000;83500;82250;82250;7,81E+12;42474500
25/01/2023;83000;83000;82000;82000;7,78E+12;66124500
26/01/2023;82250;84750;82250;84750;8,04E+13;77582300
27/01/2023;87000;88500;85500;87000;8,26E+11;196804700
30/01/2023;87250;87750;85750;87000;8,26E+11;68544300
31/01/2023;86250;86750;84750;84750;8,04E+13;200589000
01/02/2023;85750;85750;84500;85000;8,07E+12;77396200
02/02/2023;84250;85250;84000;84500;8,02E+11;99109500
03/02/2023;85500;87000;85000;87000;8,26E+11;71716700
06/02/2023;87500;87500;86500;87250;8,28E+13;117757700
07/02/2023;87750;88500;87500;88500;839896875;116014700
08/02/2023;88250;88500;88000;88250;8,38E+13;54495500
09/02/2023;88250;89000;88000;89000;8,45E+13;72381700
10/02/2023;88750;89000;87000;88250;8,38E+13;62060900
13/02/2023;88750;89000;87750;88750;84226953125;63775000
14/02/2023;88500;89500;88250;89500;8,49E+12;81678200
15/02/2023;88750;89000;87500;88750;84226953125;38037000
16/02/2023;88250;88500;87000;87000;8,26E+11;66040400
17/02/2023;87750;88500;87250;87250;8,28E+13;43588900
20/02/2023;87250;88250;87000;87500;8,30E+13;40077000
21/02/2023;87750;88000;87000;87000;8,26E+11;25390500
22/02/2023;87000;87500;86250;86750;8,23E+13;38671900
23/02/2023;86250;87500;86250;87250;8,28E+13;53412300
24/02/2023;87750;88500;86750;86750;8,23E+13;44123400
27/02/2023;86750;87750;86500;87750;8,33E+12;59983900
28/02/2023;87750;87750;86750;87500;8,30E+13;106349400
01/03/2023;87250;87500;86000;86000;8,16E+14;67034700
02/03/2023;86000;87000;86000;86250;8,19E+13;56672000
03/03/2023;86500;86750;84750;84750;8,04E+13;95376900
06/03/2023;85500;85500;84000;84000;7,97E+13;92652000
07/03/2023;83500;84750;83500;84250;8,00E+14;106115600
08/03/2023;84000;85750;84000;85750;8,14E+14;79350900
09/03/2023;86500;86500;85500;85750;8,14E+14;54201400
10/03/2023;85000;85500;84500;84500;8,02E+11;59580100
13/03/2023;84500;86250;84500;85500;81142578125;82077700
14/03/2023;84250;84750;83250;83250;7,90E+13;90495300
15/03/2023;84500;84750;83250;83250;7,90E+13;86747400
16/03/2023;83000;83500;82500;83000;7,88E+13;105894000
17/03/2023;83750;84500;83250;83750;7,95E+13;198558600
20/03/2023;84000;84750;83750;84000;7,97E+13;37277900
21/03/2023;84000;85000;83750;85000;8,07E+12;91617400
24/03/2023;87000;88250;86250;88250;8,38E+13;145603600
27/03/2023;88250;88250;87000;87000;8,26E+11;110692800
28/03/2023;88000;88000;86750;86750;8,23E+13;98296600
29/03/2023;86750;88000;86250;88000;8,52E+13;101068200
30/03/2023;89000;89000;88000;88250;8,54E+13;118912100
31/03/2023;88250;88500;87250;87500;8,47E+12;97146900
03/04/2023;88250;88250;87500;88000;8,52E+13;60288900
04/04/2023;88250;88250;86500;87750;8,49E+13;60975800
05/04/2023;87750;88000;87250;87250;8,45E+12;36922100
06/04/2023;87000;87750;87000;87500;8,47E+12;45489400
10/04/2023;87250;88000;87000;88000;8,52E+13;32996000
11/04/2023;88250;88250;87500;88250;8,54E+13;44554300
12/04/2023;89000;89000;88250;89000;861525;91903600
13/04/2023;89500;89500;88750;89250;8,64E+12;51726500
14/04/2023;90000;90000;89500;90000;8,71E+11;110354200
17/04/2023;90250;90500;89000;90250;8,74E+13;83946900
18/04/2023;90500;91750;90250;91250;8,83E+13;91178700
26/04/2023;91250;92000;90000;92000;8,91E+11;186928200
27/04/2023;91000;91750;90750;91500;8,86E+12;54842400
28/04/2023;91000;91250;90500;90500;8,76E+12;145775300
02/05/2023;91000;91000;89000;90500;8,76E+12;83645900
03/05/2023;90500;90500;88750;89250;8,64E+12;83728800
04/05/2023;89250;90250;88750;90000;8,71E+11;67565000
05/05/2023;90000;90500;89500;90000;8,71E+11;64815100
08/05/2023;90000;90750;89500;90000;8,71E+11;84754500
09/05/2023;89500;89750;89000;89250;8,64E+12;40929600
10/05/2023;89250;89500;89000;89250;8,64E+12;45322600
11/05/2023;89000;89000;88000;88250;8,54E+13;81993900
12/05/2023;87500;88750;87250;88000;8,52E+13;96525600
15/05/2023;88750;88750;87250;87750;8,49E+13;64830300
16/05/2023;88000;88250;87000;87000;84216484375;49497000
17/05/2023;87750;88500;87500;87750;8,49E+13;69996100
19/05/2023;89000;90000;88250;90000;8,71E+11;123592500
22/05/2023;90000;90750;89250;90000;8,71E+11;91000000
23/05/2023;90500;91500;90250;91250;8,83E+13;102980500
24/05/2023;92000;92000;90250;90250;8,74E+13;77392900
25/05/2023;91000;91500;90500;90500;8,76E+12;76325700
26/05/2023;91750;92000;91000;91500;8,86E+12;55675900
29/05/2023;92500;92500;90750;91500;8,86E+12;79148200
30/05/2023;92000;93250;91500;92500;8,95E+13;97189500
31/05/2023;93000;93250;90500;90500;8,76E+12;722827900
05/06/2023;91500;93250;91000;92000;8,91E+11;163535600
06/06/2023;90500;92000;90500;91500;8,86E+12;74872200
07/06/2023;91250;91750;90750;91000;8,81E+13;87492200
08/06/2023;90750;91250;90750;91250;8,83E+13;53188400
09/06/2023;91750;91750;91000;91000;8,81E+13;44632400
12/06/2023;91500;91500;91000;91500;8,86E+12;38082300
13/06/2023;91750;91750;91000;91500;8,86E+12;45552600
14/06/2023;91000;91250;90500;90750;8,78E+12;72223700
15/06/2023;91000;91000;90500;90500;8,76E+12;59073000
16/06/2023;91000;91000;89750;90500;8,76E+12;112769400
19/06/2023;90000;90500;90000;90000;8,71E+11;32330600
20/06/2023;90250;90500;89500;90500;8,76E+12;54990100
21/06/2023;90500;91250;90000;91250;8,83E+13;42676300
22/06/2023;91250;91500;90500;90500;8,76E+12;48291100
23/06/2023;90250;91500;90250;90500;8,76E+12;47813500
26/06/2023;90250;91250;90250;90750;8,78E+12;36389900
27/06/2023;90500;91500;90500;91500;8,86E+12;36225100
03/07/2023;90250;90750;90250;90750;8,78E+12;108855900
04/07/2023;91500;91500;90500;90500;8,76E+12;35049300
05/07/2023;90500;90750;90250;90500;8,76E+12;44609200
06/07/2023;90500;91000;90250;90750;8,78E+12;52532400
07/07/2023;90250;91000;90250;90250;8,74E+13;37641300
10/07/2023;91000;91000;90500;90500;8,76E+12;28981500
11/07/2023;91000;91000;90250;90250;8,74E+13;43703500
12/07/2023;90750;91750;90500;91750;8,88E+12;61566500
13/07/2023;92000;92250;91250;91250;8,83E+13;65230900
14/07/2023;91750;92000;91250;92000;8,91E+11;55554500
17/07/2023;92000;92500;91750;91750;8,88E+12;62550100
18/07/2023;92000;92500;91000;91500;8,86E+12;52924600
20/07/2023;92000;92250;91250;91500;8,86E+12;83476600
21/07/2023;91500;91750;91250;91500;8,86E+12;42667800
24/07/2023;92000;92000;91000;91000;8,81E+13;62061200
25/07/2023;91750;93000;91500;91500;8,86E+12;122802700
26/07/2023;91750;93500;91250;93500;9,05E+13;113868700
27/07/2023;94000;94000;92250;92250;89298515625;77848400
28/07/2023;92000;92250;91250;91250;8,83E+13;74510200
31/07/2023;91750;92000;91000;91250;8,83E+13;80868000
01/08/2023;91750;91750;91000;91250;8,83E+13;49756400
02/08/2023;91250;92000;91250;92000;8,91E+11;60629900
03/08/2023;91500;93000;91500;92500;8,95E+13;64596100
04/08/2023;92500;92750;91250;91500;8,86E+12;52675900
07/08/2023;91500;92750;91500;92750;8,98E+13;55589300
08/08/2023;92750;93000;92000;92000;8,91E+11;43373400
09/08/2023;92750;94000;92500;94000;9,10E+13;77056800
10/08/2023;94000;94250;93500;94000;9,10E+13;76738100
11/08/2023;94250;94500;93750;94000;9,10E+13;68898600
14/08/2023;93250;93500;92250;93500;9,05E+13;75495400
15/08/2023;93250;93750;93000;93000;9,00E+13;59303700
16/08/2023;92750;93250;92500;93000;9,00E+13;53440000
18/08/2023;92500;93500;92500;92500;8,95E+13;79328900
21/08/2023;92250;92500;91750;91750;8,88E+12;73573000
22/08/2023;91500;93250;91500;93000;9,00E+13;65664600
23/08/2023;93000;93250;92750;93000;9,00E+13;63749800
24/08/2023;92500;93250;92000;92000;8,91E+11;53725900
25/08/2023;92000;92750;91750;92750;8,98E+13;50379000
28/08/2023;92500;92500;92000;92000;8,91E+11;44423100
29/08/2023;92750;93000;92000;92500;8,95E+13;45428500
30/08/2023;93000;93000;92000;92000;8,91E+11;56227000
31/08/2023;92000;92250;91000;91750;8,88E+12;136107200
01/09/2023;92000;92750;91750;92250;89298515625;42152700
04/09/2023;92250;92750;91750;92250;89298515625;40610600
05/09/2023;92500;92500;92000;92250;89298515625;42007200
06/09/2023;92000;92500;91500;91500;8,86E+12;49318400
07/09/2023;91250;91750;91000;91750;8,88E+12;61405200
08/09/2023;91000;91500;90500;91250;8,83E+13;80732300
11/09/2023;90750;91250;90750;91250;8,83E+13;53155900
12/09/2023;91000;91250;90750;91000;8,81E+13;66479000
13/09/2023;90500;90750;90000;90750;8,78E+12;69490200
14/09/2023;90000;91250;90000;91000;8,81E+13;112757900
15/09/2023;90500;91000;90000;90000;8,71E+11;121005300
18/09/2023;90500;90750;90000;90000;8,71E+11;34272200
19/09/2023;90000;90750;89750;90750;8,78E+12;33325800
20/09/2023;91250;91750;90750;91500;8,86E+12;54305500
21/09/2023;91250;91500;90750;91250;8,83E+13;40607000
22/09/2023;91250;91500;90750;90750;8,78E+12;42445300
25/09/2023;90750;90750;90000;90000;8,71E+11;56132200
26/09/2023;90000;90250;89500;89500;8,66E+12;73544700
27/09/2023;89000;90000;88750;88750;8,59E+13;84345000
29/09/2023;88250;89000;88250;88250;8,54E+13;118960000
02/10/2023;89000;91000;88750;90750;8,78E+12;93663000
03/10/2023;90750;92000;90250;92000;8,91E+11;98380200
04/10/2023;92000;92500;91250;92000;8,91E+11;112582800
05/10/2023;92000;92000;90750;90750;8,78E+12;72855700
06/10/2023;91000;91000;90250;90250;8,74E+13;53344400
09/10/2023;90250;91250;90250;90500;8,76E+12;43774500
10/10/2023;90000;90000;89250;89250;8,64E+12;71966100
11/10/2023;89250;90250;89250;89250;8,64E+12;84305800
12/10/2023;90000;91000;90000;90500;8,76E+12;71064500
13/10/2023;91000;91250;90250;90750;8,78E+12;62941800
16/10/2023;91250;91250;90500;91000;8,81E+13;29429200
17/10/2023;90500;90750;89500;89500;8,66E+12;59606000
18/10/2023;89250;89500;88500;88500;8,57E+12;50919200
19/10/2023;88250;88500;87500;87500;8,47E+12;89509700
20/10/2023;87250;90250;87250;89750;8,69E+12;64554500
23/10/2023;88750;89250;88500;88500;8,57E+12;50633500
24/10/2023;87750;88750;87750;87750;8,49E+13;76963200
25/10/2023;88250;89250;88250;88750;8,59E+13;54748400
26/10/2023;89250;89500;87250;87250;8,45E+12;63199400
27/10/2023;87250;88000;87000;87000;84216484375;52450700
30/10/2023;87000;88500;87000;88500;8,57E+12;51958200
31/10/2023;88000;88250;87250;87500;8,47E+12;64907600
01/11/2023;87500;87750;86000;86000;8,32E+13;67027600
02/11/2023;87250;89000;87250;88500;8,57E+12;56050900
03/11/2023;89250;89500;88500;89000;861525;60414100
06/11/2023;89750;90500;89500;90500;8,76E+12;84994200
07/11/2023;90000;90250;89000;89750;8,69E+12;60648200
08/11/2023;89500;90000;89000;90000;8,71E+11;31829300
09/11/2023;89000;90500;89000;90000;8,71E+11;46076800
10/11/2023;89500;90000;88250;88250;8,54E+13;50754600
13/11/2023;88750;89250;88500;88750;8,59E+13;20827700
14/11/2023;89000;89500;88750;89250;8,64E+12;37195700
15/11/2023;89750;90500;89500;90500;8,76E+12;84977900
16/11/2023;90500;90750;89500;90750;8,78E+12;48714300
17/11/2023;90250;90750;89750;90750;8,78E+12;57050500
20/11/2023;89750;90250;88750;88750;8,59E+13;49216000
21/11/2023;88250;89000;87750;87750;8,49E+13;107614800
22/11/2023;87750;88750;87750;88750;8,59E+13;40364800
23/11/2023;88500;89750;88500;89250;8,64E+12;55542100
24/11/2023;89250;89750;89000;89250;8,64E+12;43631900
27/11/2023;89000;89500;88750;88750;8,59E+13;35679000
28/11/2023;88750;89500;88500;88750;8,59E+13;69070600
29/11/2023;89000;89500;89000;89000;861525;54715600
30/11/2023;89250;89750;89000;89750;8,69E+12;205312100
01/12/2023;89250;89750;89000;89500;8,66E+12;80566400
04/12/2023;89500;90250;89250;89250;8680671875;54747400
05/12/2023;89500;89500;88250;89000;8,66E+11;94363900
06/12/2023;88500;89500;88000;88000;855909375;81852800
07/12/2023;87500;88250;87250;88250;8,58E+12;91322500
08/12/2023;88000;88500;87500;87500;8,51E+13;43891600
11/12/2023;86750;87750;86750;87500;8,51E+13;78642800
12/12/2023;87000;87500;87000;87000;8,46E+12;87589300
13/12/2023;87000;87500;86750;86750;8,44E+13;51560500
14/12/2023;87750;90500;87500;90500;8,80E+13;115332800
15/12/2023;91250;92250;90750;92250;8,97E+13;275013500
18/12/2023;92000;92250;91500;92000;8,95E+13;111712200
19/12/2023;91250;92500;91250;92500;89967734375;65174500
20/12/2023;92500;93000;92250;93000;9,05E+13;72938100
21/12/2023;93000;93250;92500;93250;9,07E+12;88116700
22/12/2023;92750;93500;92750;93250;9,07E+12;64449600
27/12/2023;93750;94000;93250;93750;91183515625;64464700
28/12/2023;93250;94250;93250;94000;9,14E+11;70184600
29/12/2023;94250;94500;93500;94000;9,14E+11;79903400
02/01/2024;94000;94250;93500;94250;9,17E+13;30545200
03/01/2024;94250;94250;93250;93500;9,09E+13;34603300
04/01/2024;94000;94750;93750;94750;9,22E+12;56501800
05/01/2024;95000;96000;94750;95750;9,31E+12;85290100
08/01/2024;96000;96250;94750;95750;9,31E+12;50896000
09/01/2024;96000;96250;95750;96250;93615078125;59848600
10/01/2024;96500;96500;95500;95500;9,29E+13;52774900
11/01/2024;96250;96500;95750;95750;9,31E+12;39381500
12/01/2024;96500;97000;96000;97000;9,43E+12;68253400
15/01/2024;97500;97500;96500;97250;9,46E+13;88399500
16/01/2024;97000;97500;96750;97000;9,43E+12;44869200
17/01/2024;97500;97500;96500;97500;94830859375;107706100
18/01/2024;96750;97500;96250;96750;9,41E+13;71048900
19/01/2024;97750;97750;96000;96250;93615078125;63176500
22/01/2024;96000;96500;95250;96250;93615078125;52868300
23/01/2024;94500;96000;94500;96000;9,34E+13;92348600
24/01/2024;96000;96000;94750;95250;9,26E+13;84906000
25/01/2024;94500;95750;94500;95000;92399296875;63212700
26/01/2024;94000;94500;93000;93500;9,09E+13;78977300
29/01/2024;94000;95500;93750;95500;9,29E+13;73452800
30/01/2024;95000;96500;94750;96500;9,39E+13;73136400
31/01/2024;97000;97000;95500;95500;9,29E+13;102581200
01/02/2024;96500;97250;95750;97000;9,43E+12;104208700
02/02/2024;97750;98000;96250;97000;9,43E+12;99324000
05/02/2024;96750;96750;95250;95750;9,31E+12;57983300
06/02/2024;97500;97500;96250;96250;93615078125;87651000
07/02/2024;97000;97250;96500;97000;9,43E+12;92953500
12/02/2024;97500;98000;97000;98000;9,53E+12;87949400
13/02/2024;97500;98000;97000;97250;9,46E+13;66072400
15/02/2024;99500;99750;98500;98500;9,58E+13;164748900
16/02/2024;99750;100000;98750;99500;9,68E+12;142277200
19/02/2024;99000;99750;98250;98750;96046640625;53341300
20/02/2024;98500;100250;98500;100250;9,75E+13;63997700
21/02/2024;99500;100000;98500;99750;9,70E+13;75371600
22/02/2024;99750;99750;98750;98750;96046640625;66913000
23/02/2024;99000;99250;98000;98250;9,56E+12;55192300
26/02/2024;97500;98750;97250;98000;9,53E+12;41356000
27/02/2024;97500;99000;97500;98750;96046640625;43735800
28/02/2024;99750;100000;99000;100000;97262421875;54043100
29/02/2024;100000;100000;98500;98750;96046640625;126671200
01/03/2024;99000;99250;98000;98250;9,56E+12;51520600
04/03/2024;98000;98250;97500;97500;94830859375;43822900
05/03/2024;99000;99000;97750;98000;9,53E+12;61952900
06/03/2024;99000;100000;97750;99500;9,68E+12;70242200
07/03/2024;100500;101750;100000;101250;98478203125;118369300
08/03/2024;102500;103000;101250;101500;9,87E+13;100947200
13/03/2024;104000;104000;100000;100000;97262421875;141622600
14/03/2024;100500;103250;100250;103250;1,00E+14;110681100
15/03/2024;102000;103000;100500;101500;9,87E+13;154176800
18/03/2024;101750;102750;101500;101500;9,87E+13;62444100
19/03/2024;101500;102500;101500;101750;9,90E+12;55004800
20/03/2024;101000;101500;100750;101250;98478203125;66269700
21/03/2024;101750;102250;100500;101250;98478203125;90279400
22/03/2024;100000;101250;99500;101000;9,82E+13;91968200
25/03/2024;100750;100750;99250;100750;100250;66971000
26/03/2024;100500;100500;99500;100500;1,00E+14;65742700
27/03/2024;100250;100750;100000;100750;100250;39514100
28/03/2024;100250;101000;99750;100750;100250;79229700
01/04/2024;100750;101000;98250;98500;9,80E+13;79248700
02/04/2024;99250;99500;98000;99000;9,85E+13;76763100
03/04/2024;97500;98000;95250;95250;9,48E+13;177418400
04/04/2024;95750;98500;95750;98500;9,80E+13;75993500
05/04/2024;99500;99500;98250;98250;9,78E+12;70428600
16/04/2024;93500;95750;92500;94750;9,43E+13;283265900
17/04/2024;95500;96750;95250;95250;9,48E+13;95620700
18/04/2024;95250;95750;94500;94750;9,43E+13;127134000
19/04/2024;93500;95000;93000;94750;9,43E+13;147784300
22/04/2024;94000;94250;93500;93500;9,30E+11;128908000
23/04/2024;94000;97750;94000;97250;9,68E+12;178833000
24/04/2024;98250;99500;97500;99500;9,90E+13;132832700
25/04/2024;100000;100000;97000;97750;9,73E+11;104874100
26/04/2024;97000;98250;96250;96250;9,58E+13;100932900
29/04/2024;95250;98500;95250;98000;9,75E+13;90063500
30/04/2024;100500;100500;98000;98000;9,75E+13;109623000
02/05/2024;99000;99000;95000;95500;9,50E+11;97079400
03/05/2024;97500;98500;96750;98500;9,80E+13;81200400
06/05/2024;98500;98750;97750;98000;9,75E+13;53076200
07/05/2024;97000;97500;96250;97000;9,65E+13;66746800
08/05/2024;96000;97000;93750;93750;9,33E+13;112808900
13/05/2024;92000;95250;92000;95250;9,48E+13;145469900
14/05/2024;96250;96750;95250;95500;9,50E+11;95363500
15/05/2024;95000;96000;94250;95000;9,45E+12;54741900
16/05/2024;95750;96750;95250;96000;9,55E+12;61126000
17/05/2024;96000;98500;95750;97500;9,70E+13;99848500
20/05/2024;97000;98000;94750;94750;9,43E+13;87890100
21/05/2024;94500;95750;93750;93750;9,33E+13;75311400
22/05/2024;94750;95750;93250;94250;9,38E+13;121712700
27/05/2024;93000;93750;92750;93000;9,25E+12;128578500
28/05/2024;93000;94000;93000;93000;9,25E+12;73945700
29/05/2024;92750;93250;91500;91500;9,10E+13;117351600
30/05/2024;90000;92500;87750;90000;8,96E+13;207115100
31/05/2024;91000;92500;90250;92500;920409375;756431600
03/06/2024;93500;93500;92250;92750;9,23E+13;72197700
04/06/2024;95250;95250;93500;93500;9,30E+11;75353100
05/06/2024;95000;95000;93000;94500;94031015625;82087300
06/06/2024;95250;95250;94500;94750;9,43E+13;44991300
07/06/2024;95000;95000;93250;93250;9,28E+13;51599800
10/06/2024;95000;95250;94500;95250;9,48E+13;45584700
11/06/2024;95500;95500;93000;93000;9,25E+12;68690900
12/06/2024;93000;93250;92500;92500;920409375;49785700
13/06/2024;94750;94750;92000;92000;9,15E+12;84652200
14/06/2024;92000;92500;91000;92000;9,15E+12;52986300
19/06/2024;92500;92500;90500;90500;9,01E+13;100051000
20/06/2024;91500;94250;91000;94250;9,38E+13;81474800
21/06/2024;94750;96750;94000;96000;9,55E+12;166841200
24/06/2024;96000;97500;95750;96000;9,55E+12;79592300
25/06/2024;96000;96000;94500;96000;9,55E+12;80029000
26/06/2024;95250;96500;94500;95000;9,45E+12;77913200
27/06/2024;95750;97500;95500;97500;9,70E+13;89150700
28/06/2024;98000;99750;97750;99250;9,88E+12;166172300
01/07/2024;98500;99000;98250;98750;98259921875;68634600
02/07/2024;100000;100000;98500;99000;9,85E+13;78848500
03/07/2024;99750;100000;99250;100000;9,95E+13;55860200
04/07/2024;99750;100000;98250;98250;9,78E+12;67054000
05/07/2024;99250;99750;98750;99500;9,90E+13;36946900
08/07/2024;100000;100500;99500;100500;1,00E+14;72903600
09/07/2024;101000;101500;100750;100750;100250;61853200
10/07/2024;101750;102250;100500;101000;1,00E+14;62325900
11/07/2024;100000;101250;100000;100750;100250;55908400
12/07/2024;100500;101000;100250;100750;100250;62646500
15/07/2024;100500;100750;99500;100500;1,00E+14;36682600
16/07/2024;99750;100250;99500;99500;9,90E+13;37192700
17/07/2024;99000;99500;98000;98000;9,75E+13;90666000
18/07/2024;98000;101000;98000;101000;1,00E+14;65383200
19/07/2024;100500;101250;99750;101250;1,01E+13;53880300
22/07/2024;101250;101500;101000;101000;1,00E+14;31285300
23/07/2024;102000;102000;101250;101750;1,01E+12;39321100
24/07/2024;101250;101750;100750;100750;100250;24658000
25/07/2024;102250;103000;102000;103000;1,02E+11;98088100
26/07/2024;103750;104000;103000;103250;1,03E+14;75565800
29/07/2024;104000;104250;101750;102500;1,02E+13;69092500
30/07/2024;103000;103000;101750;101750;1,01E+12;32122900
31/07/2024;103500;103500;102250;102750;1,02E+14;82519900
01/08/2024;102000;103750;102000;103750;1,03E+14;61176200
02/08/2024;102750;103500;102000;102000;1,01E+14;55699900
05/08/2024;100000;101500;98750;98750;98259921875;126328300
06/08/2024;100750;100750;99500;100000;9,95E+13;78473900
07/08/2024;100000;101000;100000;101000;1,00E+14;52327400
08/08/2024;101500;102250;100750;102250;1,02E+14;54162100
09/08/2024;102250;102500;101000;101500;1,01E+14;47062400
12/08/2024;101000;102000;100750;102000;1,01E+14;40364100
13/08/2024;102500;103000;101750;103000;1,02E+11;55207100
14/08/2024;103000;103000;102000;102000;1,01E+14;47999100
15/08/2024;102000;103000;101750;102250;1,02E+14;33396600
16/08/2024;103000;103250;102500;103250;1,03E+14;40731400
19/08/2024;103250;104250;102750;103750;1,03E+14;51054400
20/08/2024;103250;104500;103000;104250;1,04E+14;60304400
21/08/2024;105000;105000;104250;104250;1,04E+14;84848800
22/08/2024;103500;104000;102250;103250;1,03E+14;56611600
23/08/2024;103250;103750;103000;103250;1,03E+14;46651600
26/08/2024;102750;103750;102500;103250;1,03E+14;35145600
27/08/2024;102750;103000;101750;102000;1,01E+14;60448400
28/08/2024;103000;103500;102500;103500;1,03E+13;38489900
29/08/2024;105000;105000;102250;102250;1,02E+14;53004700
30/08/2024;103250;103250;102000;103250;1,03E+14;158403700
02/09/2024;103750;103750;102000;102750;1,02E+14;72008600
03/09/2024;103250;103250;101500;101750;1,01E+12;50950200
04/09/2024;101500;103000;101250;103000;1,02E+11;44817000
05/09/2024;103500;103500;102500;102500;1,02E+13;39332900
06/09/2024;102250;103000;102250;103000;1,02E+11;31541800
09/09/2024;103000;103500;102000;102750;1,02E+14;36185100
10/09/2024;103500;103500;102750;103500;1,03E+13;55093100
11/09/2024;104250;104250;103500;104250;1,04E+14;64621300
12/09/2024;104500;105000;103750;104750;1,04E+14;70759100
13/09/2024;104000;104250;103250;104250;1,04E+14;70057100
17/09/2024;104500;105000;103500;105000;10447890625;89745000
18/09/2024;105000;106250;104500;106250;1,06E+14;65420200
19/09/2024;107000;109000;106500;109000;1,08E+14;140886600
20/09/2024;109000;109000;107750;107750;1,07E+13;142194600
23/09/2024;107250;109500;107250;109500;1,09E+14;72553800
24/09/2024;107750;109500;107750;108000;1,07E+14;105191100
25/09/2024;106750;108500;105250;108500;1,08E+14;158369100
26/09/2024;108750;108750;106750;107000;1,06E+11;84960100
27/09/2024;105000;107500;104000;106500;1,06E+13;93027400
30/09/2024;104750;105500;103250;103250;1,03E+14;144692100
01/10/2024;104000;105500;103750;105500;1,05E+13;59797700
02/10/2024;103250;105500;103250;105000;10447890625;86746200
03/10/2024;104500;105250;104000;104500;1,04E+13;60887000
04/10/2024;104000;104750;103500;104750;1,04E+14;58500400
07/10/2024;103500;103750;102500;103000;1,02E+11;91867900
08/10/2024;102000;105000;101500;104000;1,03E+12;99622900
09/10/2024;104000;105250;104000;104250;1,04E+14;56835200
10/10/2024;104250;105000;104000;105000;10447890625;51080000
11/10/2024;105750;105750;103750;103750;1,03E+14;44632100
14/10/2024;103750;105000;103750;105000;10447890625;31738600
15/10/2024;105500;106250;104500;106250;1,06E+14;66635200
16/10/2024;107000;107250;104750;104750;1,04E+14;63255900
17/10/2024;105500;108000;105000;107250;1,07E+14;66993300
18/10/2024;108750;108750;107250;107500;1,07E+14;56299600
21/10/2024;108500;108500;106750;106750;1,06E+14;36472500
22/10/2024;104750;106000;104750;105000;10447890625;94799500
23/10/2024;104750;106500;104750;106500;1,06E+13;48903000
24/10/2024;107250;108500;107000;107000;1,06E+11;85341200
25/10/2024;106500;107500;106250;107500;1,07E+14;34847500
28/10/2024;108250;108250;106000;106000;1,05E+12;39061500
29/10/2024;105250;105750;105000;105000;10447890625;49680100
30/10/2024;102750;104000;102750;103500;1,03E+13;114484100
31/10/2024;103250;104750;102500;102500;1,02E+13;97553400
01/11/2024;102750;104250;102750;104250;1,04E+14;47710000
04/11/2024;104250;105000;103000;103750;1,03E+14;49275700
05/11/2024;103000;105750;103000;105000;10447890625;50296500
06/11/2024;104750;105000;103750;104500;1,04E+13;50324900
07/11/2024;103250;104500;101750;101750;1,01E+12;131579100
08/11/2024;102000;102250;100500;100750;100250;92166100
11/11/2024;98000;100500;98000;100500;1,00E+14;128707600
12/11/2024;101000;102250;100000;101500;1,01E+14;80378500
13/11/2024;102250;102500;101500;101500;1,01E+14;62933100
14/11/2024;101250;101750;100500;101000;1,00E+14;56381400
15/11/2024;100500;102750;100500;101750;1,01E+12;63598200
18/11/2024;100750;101250;100000;100000;9,95E+13;65716200
19/11/2024;99000;100250;99000;99250;9,88E+12;85295300
20/11/2024;100250;101500;100000;100750;100250;58584400
21/11/2024;100000;100000;98500;98500;98500;93181200
22/11/2024;99250;99500;98500;98500;98500;58396100
25/11/2024;99500;102000;99000;101750;101750;165369400
26/11/2024;102500;102500;100000;100000;100000;62310100
28/11/2024;99750;100750;99250;100000;100000;57443500
29/11/2024;100000;101000;99500;100000;100000;76886000
02/12/2024;100000;100500;97500;97500;97500;87879600
03/12/2024;100250;102250;99000;102000;102000;126087100
04/12/2024;101750;102500;100500;102000;102000;97876300
05/12/2024;102500;103500;102250;102500;102500;96904400
06/12/2024;101000;101750;100500;100750;100750;68247200
09/12/2024;100250;103500;100000;103500;103500;64458400
10/12/2024;103250;103500;102750;103500;103500;61230400
11/12/2024;102250;104250;102250;104250;104250;37934300
12/12/2024;103000;103750;101750;101750;101750;44780100
13/12/2024;101250;102250;100250;100500;100500;75126400
16/12/2024;100000;101250;100000;101000;101000;57746100
17/12/2024;99500;100500;99000;99000;99000;99845900
18/12/2024;99000;100250;98000;98000;98000;84868500
19/12/2024;97000;97750;95500;96750;96750;104254100
20/12/2024;96500;97500;96250;96500;96500;91576900
23/12/2024;97000;98500;97000;97750;97750;43292100
24/12/2024;98500;99000;97500;97500;97500;32415700
27/12/2024;98000;98250;97250;98000;98000;24016700
30/12/2024;98000;98250;96750;96750;96750;56350100
02/01/2025;96500;99000;96500;99000;99000;38124800
03/01/2025;98500;99250;98250;98500;98500;41916000
06/01/2025;98500;98750;96500;96750;96750;41593900
07/01/2025;96750;97250;95250;95250;95250;71318600
08/01/2025;96750;97750;95750;96750;96750;55943100
09/01/2025;97500;98750;97250;98500;98500;42733800
10/01/2025;98000;99250;97250;97250;97250;72531300
13/01/2025;96250;97250;96250;96750;96750;88270100
14/01/2025;96000;97250;95250;95250;95250;70942600
15/01/2025;95750;98000;95500;98000;98000;77098000
16/01/2025;98500;99250;97500;97500;97500;76979000
17/01/2025;97500;99000;96500;99000;99000;71033100
20/01/2025;98500;98750;96250;96250;96250;112111200
21/01/2025;96000;96750;95500;95750;95750;124547900
22/01/2025;96500;96750;95750;96000;96000;90154800
23/01/2025;96000;97500;96000;96000;96000;120515400
24/01/2025;96250;96500;93500;93500;93500;152057000
30/01/2025;91500;92750;91500;91500;91500;154645800
31/01/2025;92500;95000;92250;94500;94500;112982800
03/02/2025;94000;94000;92250;93500;93500;90439900
04/02/2025;93500;94000;91750;91750;91750;94607700
05/02/2025;91000;91750;91000;91250;91250;98229900
06/02/2025;90750;91000;88500;89500;89500;171477800
07/02/2025;89500;93500;88250;93500;93500;131162200
10/02/2025;90250;92500;90250;91500;91500;76209100
11/02/2025;90250;91000;90000;90750;90750;71188300
12/02/2025;89500;91500;89500;91500;91500;121172600
13/02/2025;91000;91500;90000;90000;90000;90439700
14/02/2025;90000;90750;89500;89750;89750;116274500
17/02/2025;89750;93250;89750;93250;93250;89096400
